threat_category,ioc
Application Whitelist Bypass,https://metrics[.]kz/analytics-google/ter/logs[.]txt
Application Whitelist Bypass,http://server2[.]aserdefa[.]ru/restore[.]xml
Application Whitelist Bypass,http://server2[.]aserdefa[.]ru/restore[.]xml
Cryptocurrency mining,ws032.authedmine[.]com
Cryptocurrency mining,europe[.]cryptonight-hub[.]miningpoolhub[.]com
Cryptocurrency mining,http://foreground[.]me/m/3[.]ico
Cryptocurrency mining,eb50a19ff8e66dd1c44f1a067aecdcef
Cryptocurrency mining,427c49a55dae2d061136479641c8fa1
Cryptocurrency mining,47595a034ab7b73bdd28e9cae028389b
Cryptocurrency mining,www.hashing[.]win
Cryptocurrency mining,lixans[.]com
Cryptocurrency mining,a76cb2207e78ddba97b377d66b8a3627
Cryptocurrency mining,hrtests.ru
Cryptocurrency mining,stafftest.ru
Cryptocurrency mining,browsermine[.]com
Cryptocurrency mining,http://newage[.]newminersage[.]com:8393/
Cryptocurrency mining,newage.newminersage[.]com
Cryptocurrency mining,newage.radnewage[.]com
Cryptocurrency mining,newage.minernewage[.]com
Cryptocurrency mining,ftp.oo000oo[.]me
Cryptocurrency mining,3504821db33c11dcddebca16f57610b5
Cryptocurrency mining,europe.cryptonight-hub.miningpoolhub.com
Malicious Office Document,hxxp://www[.]furnisofa[.]com/YucipclqQ4/
Malicious Office Document,hxxp://www[.]marpaybiotech[.]com/IIzaSAz/
Malicious Office Document,hxxp://www[.]gentiane-salers[.]com/PpsNE9P/
Malicious Office Document,hxxp://www[.]bibizdevar[.]com/dNL2ZI5alI/
Malicious Office Document,hxxp://www[.]hotpietruck[.]com/LnhchhmDCU
Malicious Office Document,0bdd1d2c6f4ba877e6d71c72253a2d2148219c7d74e7cc311fb719c75e2e86af
Malicious Office Document,hxxp://189[.]197.62.222:443/
Malicious Office Document,hxxp://187[.]167.192.22/
Malicious Office Document,http://theneonblonde[.]com/hu[.]hu
Malicious Office Document,http://adultacnetreatmentreviews[.]com/hu[.]hu
Malicious Office Document,hxxp://matdansunano[.]com/sotpie/8kQ6K/
Malicious Office Document,hxxp://www.sayginmedia[.]com/6gOwBc/
Malicious Office Document,hxxp://www.federalarmsinternational[.]com
Malicious Office Document,hxxp://www.peternakan.unwiku.ac[.]id/8jPle/8jPle/
Malicious Office Document,hxxp://www.mezuena[.]com/MfXlN/
Malicious Office Document,b8abefa95c17a300f1588cd052249fef
Malicious Office Document,http://88[.]79[.]210[.]243:443/
Malicious Office Document,http://24[.]121[.]176[.]48:443/
Malicious Office Document,http://144[.]217[.]246[.]57/
Malicious Office Document,hxxp://www.npi95[.]fr/YTR/
Malicious Office Document,hxxp://www.showbizpro[.]ru/HI/
Malicious Office Document,hxxp://www.agjas[.]org/m/
Malicious Office Document,hxxp://www.altinbronz[.]com[.]tr/BCsOo/
Malicious Office Document,hxxp://www.travelution[.]id/cbpGh3W/
Malicious Office Document,8A0295C8C0F19AD046E3F76499DA0FCF
Malicious Office Document,144[.]217[.]246[.]57
Malicious Office Document,http://www.ekomaiko[.]cl/GbIamb/
Malicious Office Document,http://www.nevisandeh[.]info/L4GS7dj/
Malicious Office Document,http://www.frotista.com[.]br/Yb/
Malicious Office Document,http://www.planedoengenharia.com[.]br/y/
Malicious Office Document,http://inicjatywa.edu[.]pl//5n/
Malicious Office Document,144[.]217[.]246[.]57
Malicious Office Document,hxxp://www.alouane-organisation[.]com/Z8W/
Malicious Office Document,hxxp://mironovka-school[.]ru/SrSb1/`
Malicious Office Document,hxxp://www.valentinesday[.]bid/SlqoBZC/
Malicious Office Document,hxxp://www.gubo[.]hu/bSGADpL/
Malicious Office Document,hxxp://www.destalo[.]pt/K7Uk/
Malicious Office Document,a7115f96c3f2902b4d23438a82d50017
Malicious Office Document,hxxp://hanking-investment[.]com/bu
Malicious Office Document,hxxp://ekuvshinova.com/GqLhxQ
Malicious Office Document,hxxp://ano-aic[.]ru/7Dq
Malicious Office Document,hxxp://bazilevs[.]ru/Ib
Malicious Office Document,hxxp://frepaen[.]org/5w
Malicious Office Document,c191c072c326511e9c5589e1526c4be5
Malicious Office Document,7ae44cd321aa88e861acfe1739acf758
Malicious Office Document,hxxp://98\.163.53.175:443/
Malicious Office Document,hxxp://examon[.]info/franky/skytha.exe
Malicious Office Document,3cda3a0f0266ef9e7178938ecdedb76a
Malicious Office Document,http://alpharockgroup[.]com/HT
Malicious Office Document,http://adminflex[.]dk/l5TF6w
Malicious Office Document,http://gailong[.]net/X5AyWfJG
Malicious Office Document,http://shunji[.]org/logsite/TJaaB
Malicious Office Document,http://binar48[.]ru/OtTlVIU5
Malicious Office Document,eb387099423ab1d7b093f904ae644a85
Malware/Riskware on System,107f4434eab173a422aff44a17d2e402
Malware/Riskware on System,https://styxsaloka[.]com/beta/backup.php2
Malware/Riskware on System,https://styxsaloka[.]com/beta/page.php
Malware/Riskware on System,7668CC04910DAF9B932E416598CCCA63
Malware/Riskware on System,abd57da223602bc3009b3b3e469686f7b8fe1afc4c9bb8d7b7916badc0da730e
Malware/Riskware on System,https://dl.dropboxusercontent[.]com/s/namkbc37wtx2mdq/reg_load_subsequent.ps1
Malware/Riskware on System,b08fyqxb2.ru
Malware/Riskware on System,hxxp://whitakerfamily[.]info
Malware/Riskware on System,hxxp://rayanat[.]com
Malware/Riskware on System,http://whitakerfamily[.]info/ico.ico
Malware/Riskware on System,http://rayanat[.]com/ico.ico
Malware/Riskware on System,47153F58FB01F9DF50774DE4D31174DC
Malware/Riskware on System,A8CD87036ECDDFBA234E3796D93FE667
Malware/Riskware on System,hxxp://whitakerfamily[.]info
Malware/Riskware on System,hxxp://rayanat[.]com
Malware/Riskware on System,47153F58FB01F9DF50774DE4D31174DC
Malware/Riskware on System,A8CD87036ECDDFBA234E3796D93FE667
Malware/Riskware on System,84ab07d44ecf7b27ea86135114a498fe
Malware/Riskware on System,9c9055fbeee98a7ce36ea6f41dec2ffc
Malware/Riskware on System,hxxp://harshartcreation[.]com/microsoft.vbs
Malware/Riskware on System,8599c0d589aee6acd28f223ef9e1d92b
Malware/Riskware on System,hxxp://pm2bitcoin[.]com:5000/is-ready
Malware/Riskware on System,hxxp://lidsandjars[.]com/room[.]plo
Malware/Riskware on System,hxxp://velsun[.]in/room[.]plo
Malware/Riskware on System,718e1e12fec3b871925d54d4c269c901
Malware/Riskware on System,hxxp://bibersongs[.]com/breepital27/
Malware/Riskware on System,fa37eb66b10eb030e777af9420ffce9a
Malware/Riskware on System,14ffa5b9704f119d5964781ce8913d5f  greatestcontent4yourmachinenow/./bid
Malware/Riskware on System,http://www.npi95[.]fr/YTR/
Malware/Riskware on System,http://www.showbizpro[.]ru/HI/
Malware/Riskware on System,http://www.agjas[.]org/m/
Malware/Riskware on System,http://www.altinbronz[.]com[.]tr/BCsOo/
Malware/Riskware on System,http://www.travelution[.]id/cbpGh3W/
Malware/Riskware on System,102ef529ab5f6ebd1a3bf5dcb829312f
Malware/Riskware on System,disorderstatus[.]ru
Malware/Riskware on System,differentia[.]ru
Malware/Riskware on System,76236osm1[.]ru
Malware/Riskware on System,gvaq70s7he[.]ru
Malware/Riskware on System,e5c0ae88b6e0fadbc553ea2bc97937c4
Malware/Riskware on System,a8245f71e4e4aff10e574300abd2bcc2
Malware/Riskware on System,https://ossainicholasossai[.]com/wp-content/templates/kdjfs.png
Malware/Riskware on System,https://time2code[.]ch/wp-content/templates/fhdxdnq.png
Malware/Riskware on System,https://otcpress[.]aliencyb.org/wp-content/ttt/mkcxid.png
Malware/Riskware on System,3316f390d5855a234406f0b16c6bc8d6
Malware/Riskware on System,https://www.dropbox[.]com/s/41zf98knyy5atko/001_01.ps1?dl=1
Malware/Riskware on System,https://www.dropbox[.]com/s/dh8flnrogfq1h1w/001.ps1?dl=1
Malware/Riskware on System,7c22563e145f88519cfbfd7f26d1e3ad
Malware/Riskware on System,9c1be35a7a8c20b09012d76a2d5a7c65
Malware/Riskware on System,2F88FA857BCA16CC0C1FB74701C2564B
Malware/Riskware on System,72FC6598EE2BE2699FD29AFA6F5BB0E9
Malware/Riskware on System,hxxp://mgnr[.]mx/pl.ox
Malware/Riskware on System,hxxp://handsurgeonkatytx[.]com/pl.ox
Malware/Riskware on System,47153F58FB01F9DF50774DE4D31174DC
Malware/Riskware on System,878f821d75c1bac267a7e685f982c699
Malware/Riskware on System,http://www[.]alouane-organisation[.]com/Z8W/
Malware/Riskware on System,http://mironovka-school[.]ru/SrSb1/
Malware/Riskware on System,http://www[.]valentinesday[.]bid/SlqoBZC/
Malware/Riskware on System,http://www[.]gubo[.]hu/bSGADpL/
Malware/Riskware on System,http://www[.]destalo[.]pt/K7Uk/
Malware/Riskware on System,hxxp://edisonnjseo[.]com/jap.plap
Malware/Riskware on System,hxxp://longbeachcaseo[.]com/
Malware/Riskware on System,1bad61d8131d05394f39d5f1b6b3962d
Malware/Riskware on System,3427c49a55dae2d061136479641c8fa1
Malware/Riskware on System,47595a034ab7b73bdd28e9cae028389b
Malware/Riskware on System,b2b660bb2e89ef05725b217cad2549c9
Malware/Riskware on System,7a17d97a6dbe21612247f46930b6aa89
Malware/Riskware on System,http://31[.]148.220.142/
Malware/Riskware on System,61eab722037d5b7625d3cd35d9cf4940
Malware/Riskware on System,86.105.18.236
Malware/Riskware on System,inbound.iboe[.]com
Malware/Riskware on System,3427c49a55dae2d061136479641c8fa1
Malware/Riskware on System,http://jandkonline[.]com/smp/B4Nxg4v/
Malware/Riskware on System,http://michaelkammes[.]com/N9vdTTT/
Malware/Riskware on System,http://www.wrightstexasnursery[.]com/1koy/
Malware/Riskware on System,http://creative-machine.net/eh0HC/
Malware/Riskware on System,http://redwire.us/rco/P5DDr/
Malware/Riskware on System,http://pixy7[.]com/Uhkt
Malware/Riskware on System,http://pharno[.]ch/h8jnf2uL
Malware/Riskware on System,http://rent360[.]co.za/EwE
Malware/Riskware on System,http://schuhversand-mueller[.]de/NiCi
Malware/Riskware on System,http://mds[.]ge/EogJiPj
Malware/Riskware on System,7642e49f483cbd437ea81d40a40d67c0
Malware/Riskware on System,c8c475b478c8de0b150a81b2a542896f
Malware/Riskware on System,192.151.158.138
Malware/Riskware on System,http://miplataforma[.]net/pdf/US/DOC/Invoice-749812
Malware/Riskware on System,3427c49a55dae2d061136479641c8fa1
Malware/Riskware on System,2a837cc160084aa293adb342d2012f2b
Malware/Riskware on System,154.127.59[.]97
Malware/Riskware on System,vvrhhhnaijyj6s2m[.]onion[.]top
Malware/Riskware on System,srv1000.ru
Malware/Riskware on System,104.239.213.7
Malware/Riskware on System,45.77.56.53
Malware/Riskware on System,104.100.69.37
Malware/Riskware on System,09658c2f87f71fbd91266c495028a92d
Malware/Riskware on System,08824a5c5ace3fda1f7936c2cbcc8d67
Malware/Riskware on System,http://www.fortgibsonstorage [.] com
Malware/Riskware on System,http://henkterharmsel[.]nl/doc/En/Recent-money-transfer-details
Malware/Riskware on System,http://service-pc[.]com.ro/rog
Malware/Riskware on System,http://loucic[.]com.br/Vmr
Malware/Riskware on System,http://macrospazio[.]it/oJl
Malware/Riskware on System,http://light-estate[.]co.jp/logon/MN3
Malware/Riskware on System,http://michiganbusiness[.]us/gDuCDakW
Malware/Riskware on System,56dc56120820a3ac851cd3372e43bb9f56d
Malware/Riskware on System,cfa1e4419b896280a198692de32d1939cfa
Malware/Riskware on System,hxxp://www.ultigamer[.]com/wp-admin/includes/Y3M2
Malware/Riskware on System,hxxp://siamgemsheritage[.]com/career_system/backoffice/uploads/pwZ1CfJ4
Malware/Riskware on System,hxxp://website.vtoc[.]vn/demo/hailoc/wp-snapshots/Hf2l
Malware/Riskware on System,hxxp://barocatch[.]com/kUOtt
Malware/Riskware on System,hxxp://muhammadiyahamin[.]com/wp-content/uploads/2018/05/NOr
Malware/Riskware on System,bacfc8d27d124493de842772bd2b9e02
Malware/Riskware on System,http://tenicoriv[.]com/Flux/tst/index.php?l=abc2.tkn
Malware/Riskware on System,9445a4491397e4f328fb80ff87ef4053944
Malware/Riskware on System,http://scandryer[.]se/
Malware/Riskware on System,http://leisurecoinmachine[.]com/XxO
Malware/Riskware on System,http://santacharityevent[.]com/QKkQ
Malware/Riskware on System,http://nase-rodina[.]cz/xoV9W6
Malware/Riskware on System,http://serborek[.]com/b3eoWq
Malware/Riskware on System,880162d21924df6032893b8723d2974a681c86e9
Malware/Riskware on System,54.39.58[.]168
Malware/Riskware on System,hxxp://204[.]155[.]31[.]67/bootstrap.css
Malware/Riskware on System,hxxp://204[.]155[.]31[.]67/bootstrap.css
Malware/Riskware on System,http://getapp.elemonopy[.]com/download/1495373619430762/PdfPro_ie.exe
Malware/Riskware on System,http://tapertoni[.]com/Flux/tst/index.php?l=ab1.tkn
Malware/Riskware on System,ddukmql[.]com
Malware/Riskware on System,http://oligobere[.]com/Flux/tst/index.php?l=aa2.tkn
Malware/Riskware on System,http://oligobere[.]com/Flux/tst/index.php?l=aa2.tkn
Malware/Riskware on System,b4ef00655468ef88a804561d44c6004d
Malware/Riskware on System,home[.]mindspring[.]com
Malware/Riskware on System,didobanty1[.]ddns.net
Malware/Riskware on System,http://psychedelicsociety[.]org[.]au/3mw
Malware/Riskware on System,http://dolci-peccati[.]it/y7U9
Malware/Riskware on System,http://shokoohsanat[.]ir/uzCM5rrY
Malware/Riskware on System,http://kandosii[.]net/RfYza
Malware/Riskware on System,http://fractal[.]vn/oL
Malware/Riskware on System,A8AB9AF81A05DC7CC8186A9F9491FC1A
Malware/Riskware on System,http://psychedelicsociety[.]org[.]au/3mw
Malware/Riskware on System,http://dolci-peccati[.]it/y7U9
Malware/Riskware on System,http://shokoohsanat[.]ir/uzCM5rrY
Malware/Riskware on System,http://kandosii[.]net/RfYza
Malware/Riskware on System,http://fractal[.]vn/oL
Malware/Riskware on System,A8AB9AF81A05DC7CC8186A9F9491FC1A
Malware/Riskware on System,tunuhon[.]com
Malware/Riskware on System,d274eq41c39r2n.cloudfront[.]net
Malware/Riskware on System,http://hertifical[.]com/tst/index.php?l=soho6.tkn
Malware/Riskware on System,zedrevo[.]com
Malware/Riskware on System,condonizer[.]com
Malware/Riskware on System,vezeronu[.]com
Malware/Riskware on System,veserans[.]com
Malware/Riskware on System,panisodan[.]com
Malware/Riskware on System,lambchop[.]thisplace[.]ca
Malware/Riskware on System,hxxp://habarimoto24[.]com/Nh
Malware/Riskware on System,hxxp://fenett2018[.]com/dObgx
Malware/Riskware on System,hxxp://eastend[.]jp/Bl5kFA
Malware/Riskware on System,hxxp://bemnyc[.]com/u8ERiJeq
Malware/Riskware on System,hxxp://abakus-biuro[.]net/a9zqEmm
Malware/Riskware on System,422abff42f969ee984d7640cf6bf3400
Malware/Riskware on System,http://zedrevo[.]com/tst/index.php?l=soho8.tkn
Malware/Riskware on System,condonizer[.]com
Malware/Riskware on System,vezeronu[.]com
Malware/Riskware on System,hertifical[.]com
Malware/Riskware on System,veserans[.]com
Malware/Riskware on System,panisodan[.]com
Malware/Riskware on System,lambchop[.]thisplace[.]ca
Malware/Riskware on System,http://vaderstog[.]com/Flux/tst/index.php?l=aa10.tkn
Malware/Riskware on System,http://hertifical[.]com/tst/index.php?l=soho10.tkn
Malware/Riskware on System,condonizer[.]com
Malware/Riskware on System,vezeronu[.]com
Malware/Riskware on System,zedrevo[.]com
Malware/Riskware on System,veserans[.]com
Malware/Riskware on System,panisodan[.]com
Malware/Riskware on System,"lambchop[.]thisplace[.]ca
"
Malware/Riskware on System,disorderstatus[.]ru
Malware/Riskware on System,differentia[.]ru
Malware/Riskware on System,08fed9fad4cf4a57d3283f7a9eeddc8b
Malware/Riskware on System,http://vezopilan[.]com/tst/index.php?l=soho7.tkn
Malware/Riskware on System,http://vezopilan[.]com/tst/index.php?l=soho7.tkn
Malware/Riskware on System,baberonto[.]com
Malware/Riskware on System,vedoriska[.]com
Malware/Riskware on System,cimoselin[.]com
Malware/Riskware on System,hertifical[.]com
Malware/Riskware on System,condonizer[.]com
Malware/Riskware on System,vezeronu[.]com
Malware/Riskware on System,zedrevo[.]com
Malware/Riskware on System,veserans[.]com
Malware/Riskware on System,panisodan[.]com
Malware/Riskware on System,lambchop[.]thisplace[.]ca
Malware/Riskware on System,http://vezopilan[.]com/tst/index.php?l=soho7.tkn
Malware/Riskware on System,baberonto[.]com
Malware/Riskware on System,vedoriska[.]com
Malware/Riskware on System,cimoselin[.]com
Malware/Riskware on System,hertifical[.]com
Malware/Riskware on System,condonizer[.]com
Malware/Riskware on System,vezeronu[.]com
Malware/Riskware on System,zedrevo[.]com
Malware/Riskware on System,veserans[.]com
Malware/Riskware on System,panisodan[.]com
Malware/Riskware on System,lambchop[.]thisplace[.]ca
Malware/Riskware on System,hxxp://cimoselin[.]com/tst/index.php?l=soho1.tkn
Malware/Riskware on System,695feb41f49ab2991dd4faf5ba3bdde7
Malware/Riskware on System,http://cimoselin[.]com/tst/index.php?l=soho2.tkn
Malware/Riskware on System,baberonto[.]com
Malware/Riskware on System,vedoriska[.]com
Malware/Riskware on System,vezopilan[.]com
Malware/Riskware on System,hertifical[.]com
Malware/Riskware on System,condonizer[.]com
Malware/Riskware on System,vezeronu[.]com
Malware/Riskware on System,zedrevo[.]com
Malware/Riskware on System,veserans[.]com
Malware/Riskware on System,panisodan[.]com
Malware/Riskware on System,bidesony[.]com
Malware/Riskware on System,lambchop[.]thisplace[.]ca
Malware/Riskware on System,hxxp://cimoselin[.]com/tst/index.php?l=soho5.tkn
Malware/Riskware on System,http://memeconi[.]com/TNT/index.php?l=anti2.tkn
Malware/Riskware on System,fedvertisa[.]com
Malware/Riskware on System,panisodan[.]com
Malware/Riskware on System,bidesony[.]com
Malware/Riskware on System,"lambchop[.]thisplace[.]ca
"
Malware/Riskware on System,http://memeconi[.]com/TNT/index.php?l=anti3.tkn
Malware/Riskware on System,fedvertisa[.]com
Malware/Riskware on System,panisodan[.]com
Malware/Riskware on System,bidesony[.]com
Malware/Riskware on System,lambchop[.]thisplace[.]ca
Malware/Riskware on System,hxxp://vezopilan[.]com/tst/index.php?l=soho9.tkn
Malware/Riskware on System,cimoselin[.]com
Malware/Riskware on System,vedoriska[.]com
Malware/Riskware on System,baberonto[.]com
Malware/Riskware on System,695feb41f49ab2991dd4faf5ba3bdde7
Malware/Riskware on System,hxxp://cimoselin[.]com/tst/index.php?l=soho2.tkn
Malware/Riskware on System,C40B44A6F11CFF5AD5C26946D9D4367E
Malware/Riskware on System,D69483AFC9E221D125ED67D8232895CD
Malware/Riskware on System,apatternlike[.]com
Malware/Riskware on System,2714af102b80b4cc4a7b27f7858dd4d0
Malware/Riskware on System,lolobec[.]website
Malware/Riskware on System,http://memeconi[.]com/TNT/index.php?l=anti2.tkn
Malware/Riskware on System,http://miafashionropadeportiva[.]com/y
Malware/Riskware on System,http://terabuild.sevencolours[.]eu/4bc2kL
Malware/Riskware on System,http://oztax-homepage.tonishdev[.]com/Lg4
Malware/Riskware on System,http://vioprotection[.]com.co/u
Malware/Riskware on System,http://test.helos[.]no/6GZ24w1
Malware/Riskware on System,ef4701659ecf031b713136fa587388fc
Malware/Riskware on System,yfucgda[.]com
Malware/Riskware on System,pgtexkd[.]com
Malware/Riskware on System,http://lementiora[.]com/YUY/huonasdh.php?l=oue2.tkn
Malware/Riskware on System,b57e3dba6a9131482cf1a75eb6a985a8
Malware/Riskware on System,b11cda5162736b95981436f0577c4272
Malware/Riskware on System,658f0cd448dfce8a5d6ba55e2d175980
Malware/Riskware on System,hxxp://beriodnas[.]com/YUY/huonasdh.php?l=vbn6.tkn
Malware/Riskware on System,nedioplina[.]com
Malware/Riskware on System,www.lementiora[.]com
Malware/Riskware on System,supportfilds[.]ru
Malware/Riskware on System,8a8ba35732710a054e165628607a0e53
Malware/Riskware on System,http://nobles-iq[.]com
Malware/Riskware on System,http://bba-es[.]com
Malware/Riskware on System,e8a331035328c8c6694ff32eb9cfeb38
Malware/Riskware on System,http://studio-aqualuna[.]com/UpBe
Malware/Riskware on System,http://krever[.]jp/5
Malware/Riskware on System,http://santafetails[.]com/dcz6vEs
Malware/Riskware on System,http://stolpenconsulting[.]com
Malware/Riskware on System,http://repro4[.]com/website/wp-content/uploads/MbO
Malware/Riskware on System,eb387099423ab1d7b093f904ae644a85
Malware/Riskware on System,8e6f8281e83b5ed90ba2d28f4fc33470
Malware/Riskware on System,https://maindreamline[.]com/space/send.php2
Malware/Riskware on System,852d67a27e454bd389fa7f02a8cbe23f
Malware/Riskware on System,178bae862b8ea1a8ed914f4006edd7f9
Malware/Riskware on System,hxxp://monwepoasdnqw[.]com/YUY/huonasdh.php?l=kuk2.tkn
Malware/Riskware on System,http://may64[.]co[.]pl/go[.]php
Malware/Riskware on System,http://filegenerator[.]blob[.]core[.]windows[.]net/
Malware/Riskware on System,https://intie.blob.core.windows.net/
Malware/Riskware on System,749f5b2f8a95cc616b8614e99da89e88
Malware/Riskware on System,86266f51c06a2fbf00a600f2d747539e
Malware/Riskware on System,hxxp://pexirenta[.]com/YUY/huonasdh[.]php?l=kuk2.tkn
Malware/Riskware on System,2ad313a81bbd7848c3c14a2248d7f6bc
Malware/Riskware on System,hxxp://puntoyaparteseguros[.]com/I
Malware/Riskware on System,http://infolierepvc[.]ro/z6OFthrp
Malware/Riskware on System,http://mzep[.]ru/xGKS
Malware/Riskware on System,http://grafobox[.]com/S@
Malware/Riskware on System,http://haldeman[.]info/Zw
Malware/Riskware on System,http://bba-es[.]com/cli.nkz
Malware/Riskware on System,http://beds2buy[.]co.uk/cli.nkz
Malware/Riskware on System,http://37.59.117[.]243/index.php
Malware/Riskware on System,57452901d0ac1be708f001435c6a3107
Malware/Riskware on System,http://ftp.impreac.com/
Malware/Riskware on System,http://boloshortolandia[.]com/ozylgj6Z6
Malware/Riskware on System,http://ncvascular[.]com.au/69V3Cpx
Malware/Riskware on System,http://inmayjose[.]es/IB8JhFSXiV
Malware/Riskware on System,http://lalievre[.]ca/O0Pmale
Malware/Riskware on System,http://makmedia[.]ch/b5jSC1b
Malware/Riskware on System,8647FB1F37889C92CB70B6E82DAC1CDD
Malware/Riskware on System,http://201[.]146[.]211[.]106:7080/
Malware/Riskware on System,http://73[.]125[.]45[.]48/whoami.php
Malware/Riskware on System,C56F5900683A2E584061A2CEBC2FC521
Malware/Riskware on System,http://thenlorefuse[.]com/4/forum.php
Malware/Riskware on System,http://thosewebbs[.]com/wp-content/plugins/prevent-xmlrpc/1
Malware/Riskware on System,http://thenlorefuse[.]com/mlu/forum.php
Malware/Riskware on System,http://thosewebbs[.]com/wp-content/plugins/prevent-xmlrpc/2
Malware/Riskware on System,http://thosewebbs[.]com/wp-content/plugins/prevent-xmlrpc/3
Malware/Riskware on System,http://smartstoragerd[.]com/MVZ
Malware/Riskware on System,http://semashur10s[.]org/FQCS
Malware/Riskware on System,http://mahdepardis[.]com/NbIDI9ep
Malware/Riskware on System,http://ekositem[.]com/t
Malware/Riskware on System,http://zombieruncr[.]com/tegIHp
Malware/Riskware on System,http://a4d-development[.]org/YGKX
Malware/Riskware on System,http://alanyapropertysale[.]com/OOmX2a
Malware/Riskware on System,http://tan-gho[.]com/StjB
Malware/Riskware on System,http://mahdepardis[.]com/DpTRthF
Malware/Riskware on System,http://samarthdparikh[.]com/4b9iHQ3
Malware/Riskware on System,352d565a9a7b89830155177721da0c9d
Malware/Riskware on System,http://tfkam38pqhsh6m[.]com/RTT/opanskot.php?l=kbnk4.tkn
Malware/Riskware on System,d6e823b5bf8219ddaea1d3e43ec190df
Malware/Riskware on System,E895A71506C75BF8970086C7FB2DCB1A
Malware/Riskware on System,http://tfkam38pqhsh6m[.]com/RTT/opanskot.php?l=kbnk4.tkn
Malware/Riskware on System,C2480AAE4AFB0ABE4F2CC69A04AD4C6A
Malware/Riskware on System,http://tfkam38pqhsh6m[.]com/RTT/opanskot.php?l=kbnk4.tkn
Malware/Riskware on System,C2480AAE4AFB0ABE4F2CC69A04AD4C6A
Malware/Riskware on System,http://enduuyyhgeetyasd[.]com/RTT/opanskot.php?l=omg9.tkn
Malware/Riskware on System,http://tomas[.]datanom[.]fi/testlab/w0qi46LyvZ
Malware/Riskware on System,http://www[.]plasdo[.]com/MNXfUEtpo
Malware/Riskware on System,http://vinastone[.]com/m3qQf5sLVY
Malware/Riskware on System,http://vaarbewijzer[.]nl/D50JpVAsc0
Malware/Riskware on System,http://ruforum[.]uonbi[.]ac[.]ke/wp-content/uploads/afZG2WrC
Malware/Riskware on System,"3055FDFAC7D2BE0FEF46C94442E7734E
"
Malware/Riskware on System,http://enduuyyhgeetyasd[.]com/RTT/opanskot.php?l=omg8.tkn
Malware/Riskware on System,554acf8ca117e8c2a17f7f1c9457125b
Malware/Riskware on System,http://ooiansyyhgeetyzxc[.]com/RTT/opanskot.php?l=omg4.tkn
Malware/Riskware on System,37f352d9ae7bcde721cee2fd1bf79f69
Malware/Riskware on System,zooloopil[.]fun
Malware/Riskware on System,uuaisdnqweasd[.]com
Malware/Riskware on System,lambchop.thisplace[.]ca
Malware/Riskware on System,http://hvyiasubeqweqw[.]com/RTT/opanskot.php?l=omg9.tkn
Malware/Riskware on System,37f352d9ae7bcde721cee2fd1bf79f69
Malware/Riskware on System,hxxp://laschuk.com[.]br/C7f65h8p
Malware/Riskware on System,hxxp://jobarba[.]com/wp-content/nY7NWG7z
Malware/Riskware on System,hxxp://familiekoning[.]net/YT9gzKUs
Malware/Riskware on System,hxxp://www.ultigamer[.]com/wp-admin/includes/OCklr3Q
Malware/Riskware on System,hxxp://fluorescent[.]cc/ttQoKkJ4sC
Malware/Riskware on System,0c6c5e827771dbf6124209e6fb0b3de0
Malware/Riskware on System,whoulatech[.]com
Malware/Riskware on System,africategy[.]website
Malware/Riskware on System,http://apollon-hotel[.]eu/X3LVJH6
Malware/Riskware on System,http://138[.]68[.]2[.]34/wp-content/uploads/cfNP5EWD
Malware/Riskware on System,http://45[.]64[.]128[.]172/2
Malware/Riskware on System,http://5minuteaccountingmakeover[.]com/BRWYR
Malware/Riskware on System,http://alyeser[.]com/wp-content/themes/framed-redux/images/GRO
Malware/Riskware on System,http://milehighffa[.]com/Wn0Kwn
Malware/Riskware on System,http://yess[.]pl/YdJytbr
Malware/Riskware on System,http://auto-diagnost[.]com.ua/F
Malware/Riskware on System,http://silverlineboatsales[.]com/1R906A1
Malware/Riskware on System,http://miaudogs.pt/x3ZLoewB
Malware/Riskware on System,d7b7b22b834d657229e54306b182448e
Malware/Riskware on System,http://q0fpkblizxfe1l.com/RTT/opanskot.php?l=targa3.tkn
Malware/Riskware on System,http://t95dfesc2mo5jr[.]com/RTT/opanskot.php?l=targa2.tkn
Malware/Riskware on System,http://q0fpkblizxfe1l[.]com/RTT/opanskot.php?l=targa4.tkn
Malware/Riskware on System,52ECDD694FF6C230788C862A8B7F9373
Malware/Riskware on System,7e7bcf90207362fc5a3007c1cfe716c3
Malware/Riskware on System,hxxp://laschuk.com[.]br/C7f65h8p
Malware/Riskware on System,hxxp://jobarba[.]com/wp-content/nY7NWG7z
Malware/Riskware on System,hxxp://familiekoning[.]net/YT9gzKUs
Malware/Riskware on System,hxxp://www.ultigamer[.]com/wp-admin/includes/OCklr3Q
Malware/Riskware on System,hxxp://fluorescent[.]cc/ttQoKkJ4sC
Malware/Riskware on System,799e9e58164404f9237cb9c999882abd
Malware/Riskware on System,kanboard.globalsoftm[.]com
Malware/Riskware on System,africategy[.]website
Malware/Riskware on System,http://q0fpkblizxfe1l.com/RTT/opanskot.php?l=targa3.tkn
Malware/Riskware on System,hxxp://q0fpkblizxfe1l[.]com/RTT/opanskot.php?l=targa3.tkn
Malware/Riskware on System,45440a00df24f8bb1a37c1adc8291155
Malware/Riskware on System,http://aprovadopeloshomens[.]info/NkKo
Malware/Riskware on System,http://autopricep[.]kz/HxrdY
Malware/Riskware on System,http://bazarmotorco[.]ir/X5bAi4CB
Malware/Riskware on System,http://atrakniaz[.]ir/mcm
Malware/Riskware on System,http://avangard30[.]ru/UiDWw
Malware/Riskware on System,"fbff620feee2e4ed5f9af6c39a221a29
"
Malware/Riskware on System,http://bioners[.]com/X8nV8i
Malware/Riskware on System,http://otiaki[.]com/33EKwRe
Malware/Riskware on System,http://bc-cdc[.]org/x
Malware/Riskware on System,http://marienthal[.]info/gIAl3AM
Malware/Riskware on System,http://jingtianyanglao[.]com/iaM5oV8
Malware/Riskware on System,hxxp://vagenkart[.]com/XOE/kemvopod.php?l=qily3.tkn
Malware/Riskware on System,6e89a45de48b8195ec4016059930848f
Malware/Riskware on System,http://familiekoning[.]net/Sw51duCIY
Malware/Riskware on System,http://website.vtoc[.]vn/demo/hailoc/wp-snapshots/JeHXbk6WzM
Malware/Riskware on System,http://librusfan[.]ru/271vNHA
Malware/Riskware on System,http://tomas.datanom[.]fi/testlab/VJ1t3ol
Malware/Riskware on System,http://altarfx[.]com/8Es5z7sVJL
Malware/Riskware on System,7aaa570e4ae7b4502c4f28f0e5f50dee
Malware/Riskware on System,hxxp://vagenkart[.]com/XOE/kemvopod.php
Malware/Riskware on System,hxxp://3kh4te118zvms[.]com/XOE/kemvopod.php?l=xtem3.tkn
Malware/Riskware on System,http://marqets.ru/tlyJ
Malware/Riskware on System,http://7continents7lawns.com/huWJYej
Malware/Riskware on System,http://7naturalessences.com/iX
Malware/Riskware on System,http://dek-kam.ru/09XTe
Malware/Riskware on System,http://krever.jp/bvu0
Malware/Riskware on System,1f70eea3cc9b72c8133f7e84127f8b9c
Malware/Riskware on System,hxxp://5yg65qcxsulvovz8[.]com/DAB/nerimf.php?l=jeba7.pas
Malware/Riskware on System,429e0a937abe98f0a8b44a3071a72b74
Malware/Riskware on System,http://memeconi[.]com/TNT/index.php?l=anti3.tkn
Malware/Riskware on System,fedvertisa[.]com
Malware/Riskware on System,panisodan[.]com
Malware/Riskware on System,bidesony[.]com
Malware/Riskware on System,http://alignsales[.]com/5iTjBVHgiZ
Malware/Riskware on System,http://aquatroarquitetura[.]com.br/xqk3qb5a
Malware/Riskware on System,https://adamant[.]kz/CVjsyDag
Malware/Riskware on System,http://02feb02[.]com/d8rOmLBT
Malware/Riskware on System,http://pornbeam[.]com/B6v8OJvL
Malware/Riskware on System,http://vanieospjo[.]com/DAB/nerimf.php?l=kamax5.pas
Malware/Riskware on System,d6147da83c307e9203aafcfea26448a7
Malware/Riskware on System,1411DB79FABFE8400C601A52DCA603E9
Malware/Riskware on System,F7D2605EEE153DF8B6072B6DDCD6A872
Malware/Riskware on System,http://69.70.248.98:8443/
Malware/Riskware on System,http://96.23.80.242:50000/
Malware/Riskware on System,13.107.4.50:80
Malware/Riskware on System,23.217.164.198:80
Malware/Riskware on System,191.232.80.58:443
Malware/Riskware on System,hxxp://bcgfl[.]com/sdn.uqw
Malware/Riskware on System,hxxp://ubeinc[.]com/sdn.uqw
Malware/Riskware on System,cae0a5bb259d11b80e448c0c68f47f06
Malware/Riskware on System,http://gabrielamenna[.]com/ONSxgnweAl
Malware/Riskware on System,http://danilbychkov[.]ru/QBIN69xgw
Malware/Riskware on System,http://caspianlab[.]ir/tIcXKP6
Malware/Riskware on System,http://ctiexpert[.]com/7U87CMw
Malware/Riskware on System,http://ecol[.]ru/9kgiz7sV1
Malware/Riskware on System,909011bf990054b3a763f9c6bd63b262
Malware/Riskware on System,http://hnuk[.]net/g
Malware/Riskware on System,http://fenja[.]com/wwvvv/8S
Malware/Riskware on System,http://www.elucido[.]se/mH95fHIX
Malware/Riskware on System,http://edisolutions[.]us/U7mhh6Ks
Malware/Riskware on System,http://ecopropaganda.com[.]br/SBNPa
Malware/Riskware on System,07e6b426b7c6fc54c309b8021f8dd71d
Malware/Riskware on System,http://t95dfesc2mo5jr[.]com/RTT/opanskot.php?l=targa2.tkn
Malware/Riskware on System,45440a00df24f8bb1a37c1adc8291155
Malware/Riskware on System,http://ruralinnovationfund.varadev.com/lKKK1wruj
Malware/Riskware on System,http://alumni.poltekba.ac.id/9Oqgg6M
Malware/Riskware on System,http://fourtion.com/qyBf2DfGd
Malware/Riskware on System,http://emmlallagosta.cat/SxSBuh1k
Malware/Riskware on System,http://sparq.co.nz/78sA4Pii
Malware/Riskware on System,9afd0eff294acf980794187e1aaacb52
Malware/Riskware on System,81.177.23.178
Malware/Riskware on System,hxxp://hadidndintligh[.]ru/d2/about.php
Malware/Riskware on System,http://bitcoinpaperstockcertificate[.]com/
Malware/Riskware on System,http://cryptocurrencypaperwalletcertificate.org/
Malware/Riskware on System,hxxp://razerovuar.com/jzmc1naxan90.uti
Malware/Riskware on System,hxxp://195.123.225.153
Malware/Riskware on System,http://bahiacreativa.com/drF5M4c
Malware/Riskware on System,http://02feb02.com/tLJxCef1
Malware/Riskware on System,http://johnscevolaseo.com/mxtKQr8md
Malware/Riskware on System,http://stoobb.nl/408wovgJL
Malware/Riskware on System,http://sem-komplekt.ru/GSwcxHi
Malware/Riskware on System,2c5288cb7518df2452777ecf335c39f78bae2692
Malware/Riskware on System,334c0b21f9c0d0a4bfb07e79daab796a674836a9
Malware/Riskware on System,llkkjjhhg[.]com
Malware/Riskware on System,http://gabrielamenna[.]com/ONSxgnweAl
Malware/Riskware on System,http://danilbychkov[.]ru/QBIN69xgw
Malware/Riskware on System,http://caspianlab[.]ir/tIcXKP6
Malware/Riskware on System,http://ctiexpert[.]com/7U87CMw
Malware/Riskware on System,http://ecol[.]ru/9kgiz7sV1
Malware/Riskware on System,6F3C0E11C5557159D18DE321A8589D37
Malware/Riskware on System,FE8C0D3AB1C3BF6D2AE4D2B980B9726E
Malware/Riskware on System,http://duwyernsdjfnssla[.]com/VRE/kotner.php?l=kueta2.pas
Malware/Riskware on System,b3bbf3a35550301a52ad313d532079d2
Malware/Riskware on System,http://duwiurwoxoqwiew.com/VRE/kotner.php?l=kueta3.pas
Malware/Riskware on System,0bb54067bcf44f1cdfbd12c16c1ef050
Malware/Riskware on System,http://duwyernsdjfnssla[.]com/VRE/kotner.php?l=kueta4.pas
Malware/Riskware on System,0bb54067bcf44f1cdfbd12c16c1ef050
Malware/Riskware on System,http://iwoeiwuqyeqiwakw[.]com/VRE/kotner.php?l=kueta4.pas
Malware/Riskware on System,afe42c80572047a935679c14f37225d3
Malware/Riskware on System,duwiurwoxoqwiew[.]com
Malware/Riskware on System,download.drp[.]su
Malware/Riskware on System,http://peekaboorevue.com/0B5WOLOKFg
Malware/Riskware on System,http://atgmail.net/Jj6SClPro
Malware/Riskware on System,http://krever.jp/njwxGImMd
Malware/Riskware on System,http://gabrielamenna.com/RLDjDvQJw
Malware/Riskware on System,http://desnmsp.com/oEdTUUscJA
Malware/Riskware on System,1daa802f7fcb75d47de7f323ed4669dc
Malware/Riskware on System,24.14.188[.]26
Malware/Riskware on System,http://omlinux[.]com/EjgPh
Malware/Riskware on System,http://circuloproviamiga[.]com/wp-content/themes/5Db8XGz
Malware/Riskware on System,http://spectrumbookslimited[.]com/SawGapld
Malware/Riskware on System,http://www.ultigamer[.]com/wp-admin/includes/QV0VCt
Malware/Riskware on System,http://supermercadoyip[.]com/R
Malware/Riskware on System,c57a99492ab308258c19b7f43b1ab286
Malware/Riskware on System,http://wuyeqwidkxueiqqo[.]com/MXE/lodpos.php?l=rejo4.xt2
Malware/Riskware on System,2f8ae00636726a39d66ebafe6fa6c990
Malware/Riskware on System,http://ogxbody[.]com/EyW
Malware/Riskware on System,http://sbtasimacilik[.]com/H3PmH
Malware/Riskware on System,http://immenow[.]com/cKoJs
Malware/Riskware on System,http://r-web[.]pl/TUyiK6z
Malware/Riskware on System,http://pangeamt[.]com/a4ov
Malware/Riskware on System,e5c2946e050f506e0d9006efcf89612e
Malware/Riskware on System,http://jcstudio[.]com[.]my/EN_US/Documents/09_18
Malware/Riskware on System,http://louisianaplating.com/18Ge0wDF  
Malware/Riskware on System,http://stonehouse.me.uk/AlvUfSm
Malware/Riskware on System,http://peakperformance.fit/2TfHVaCdGP
Malware/Riskware on System,http://djsomali.com/z4x6QiEr
Malware/Riskware on System,http://maquettes.groupeseb.com/Lf01Lq4ZSS
Malware/Riskware on System,1901FC38186AE1BED1B5DA4874CFA382
Malware/Riskware on System,201.111.8[.]75
Malware/Riskware on System,201.111.8[.]75
Malware/Riskware on System,190.147.53[.]140
Malware/Riskware on System,http://luxeestateslifestyles[.]com/Y
Malware/Riskware on System,http://persiapet[.]net/lEu5S
Malware/Riskware on System,http://store[.]bmag[.]vn/vuy
Malware/Riskware on System,http://psdesignzone[.]com/Pw33lZ2
Malware/Riskware on System,http://paramountmemories[.]com/CDP
Malware/Riskware on System,http://luxeestateslifestyles[.]com/y
Malware/Riskware on System,http://persiapet[.]net/lEu5S
Malware/Riskware on System,http://store.bmag[.]vn/vuy
Malware/Riskware on System,http://psdesignzone[.]com/Pw33lZ2
Malware/Riskware on System,http://paramountmemories[.]com/CDP
Malware/Riskware on System,74.195.12.152
Malware/Riskware on System,172.245.10.114
Malware/Riskware on System,a8e3f81e7d5ef9fe1b4691303223b08b
Malware/Riskware on System,8cc785fa5ce6eea5ceb513aa4b0c6dfa
Malware/Riskware on System,6449a562d9dccbad5581c2b48d11d6da
Malware/Riskware on System,http://goldenyachts.customexposure.tech/wp-content/uploads/e
Malware/Riskware on System,http://omnigroupcapital.com/poVNoK
Malware/Riskware on System,http://marindofacility.co.id/zErEGbN
Malware/Riskware on System,http://icexpert.net/bMHUCW
Malware/Riskware on System,http://puuf.it/Cv4Y2
Malware/Riskware on System,http://wuyeqwidkxueiqqo[.]com/MXE/lodpos.php?l=rejo5.xt2
Malware/Riskware on System,0504357d5abbd4c73a9078a04da091ef
Malware/Riskware on System,d7b41fadd9c85f7669d95fe6e7a0428b        
Malware/Riskware on System,45.33.90.169
Malware/Riskware on System,getapp.elemonopy[.]com
Malware/Riskware on System,bonefreeze[.]com
Malware/Riskware on System,http://emporioflorianopolis.com.br/multimedia/AH3dB5Y2h
Malware/Riskware on System,http://www.xianjiaopi.com/DTWn8HR6e
Malware/Riskware on System,http://ufindit.com.au/yO47HFVs
Malware/Riskware on System,http://www.lidersahtebalik.com.tr/44v1qfZIhA
Malware/Riskware on System,http://wpcouponsite.com/dttLyRtF
Malware/Riskware on System,6b0ca9475a9453489f77fc9c3c0ca80
Malware/Riskware on System,http://201.233.81.143/
Malware/Riskware on System,http://81.134.0.41:8080/
Malware/Riskware on System,http://187.250.60.214/
Malware/Riskware on System,http://72.181.91.254:8080/
Malware/Riskware on System,http://149.202.160.202:8080/
Malware/Riskware on System,d342da6340daca2d14a811a4b20ee1ee
Malware/Riskware on System,hxxp://h2812932937292sjshskz[.]com/MXE/lodpos.php?l=yows1.xt2
Malware/Riskware on System,hxxp://217.182.231[.]43/lodpos.php
Malware/Riskware on System,hxxp://216.189.151.181/26p2oqu6gn[.]exe
Malware/Riskware on System,0a7fd620ca6580c9749d60b9cbf2ecbb
Malware/Riskware on System,http://wuyeqwidkxueiqqo[.]com/MXE/lodpos.php?l=rejo4.xt2
Malware/Riskware on System,2f8ae00636726a39d66ebafe6fa6c990
Malware/Riskware on System,http://hollywoodgossip[.]biz/GpyDtTIIO1
Malware/Riskware on System,http://charpentier-couvreur-gironde[.]com/2Agu5kOrh7
Malware/Riskware on System,http://surprise-dj-team[.]com/2Atuefrxm
Malware/Riskware on System,http://spektramaxima[.]com/IXx8GGy
Malware/Riskware on System,http://dc.amegt[.]com/wp-content/QNhKWYE
Malware/Riskware on System,0bb1011f3bb5936369a396315055d6c2
Malware/Riskware on System,coffemokko[.]com
Malware/Riskware on System,lifespanfitness[.]com
Other,www[.]sivarajan[.]com
Other,pvhupdate[.]com
Other,23[.]152[.]0[.]177
Other,https://content.dropboxapi.com/2/files/upload
Other,hxxps://www.flascleanhmixgets[.]bid/
Other,481859f377131c18b4ed93d224988507
Other,hxxp://www.sasokimehohi[.].com
Other,4F7520AD6479CF184C51ADAD2AEE8ECB
Other,f7e7974e9fb14e52ccb98a53620efea2
Other,d682cdb6de50fac421c72ecec6c49c8e
Other,c0b287e99aa7293a60cb245e60ff012c
Other,a9a10921ac9b11954b05be7d44b1a250
Other,2ae81302ee475219b0bcf0f177bfae7e
Other,indonesias [.] website
Other,indonesias [.] me
Other,guojun [.] website
Other,115.90.10.203
Other,23.249.162.123
Other,www.megaopac[.]host
Phishing,http://jawaanw[.]com/wp-includes/js/office/365/gsuite/gsuite/secure/index.php
Phishing,hxxps://storage.googleapis[.]com/onedrive-predistinguish-702812361/index.html
Phishing,hxxps://searchurl[.]bid/messagecenter000111/finish30.php
Phishing,https://minamin-junko[.]info/admin/include/11/index.php
Phishing,hxxp://thepeacefulmarketer[.]bid/.love/A2/
Phishing,hxxp://thepeacefulmarketer[.]bid/Smileys/.file/A2/
Phishing,http://uncleoscar[.]com/ygsd/adobee/adobe.php
Phishing,hxxp://canningvalebusinessbuilders[.]com[.]au/
Phishing,https://alven-sa[.]com.ar/closing/office/
Phishing,hxxps://apppostpaid[.]com/
Phishing,https://oceanictech[.]top/languages/finished/index.php
Phishing,https://withuard[.]gq/
Phishing,https://talkmemores[.]info/tfcx/index.php?fire=works
Phishing,51cf45f45-billing[.]com
Phishing,http://accsrequidsatsl[.]com/
Phishing,hxxp://tozoleaummaires[.]com:443
Phishing,https://mwemaafricasafaris[.]com/wp-content/wwpp22/h8eJ5oaat/NMyBgMxeW/LCQ3LGbXJdb/vwZL58Rka/bm2aiXMjSC/Sg5imk4NjV/d5ZGdE28CDD/QnYrGchFgz/LmdwNpBHd6k/index.htm
Phishing,https://lannilakhacnuanhunmanhhodoa-heptahedral-roundabout.mybluemix[.]net/viaowiqo/vp4OJ-signin-5miles/9I19Ki4P
Phishing,https://sylykaoyaha[.]info/adadx/?mad=htmledit
Phishing,https://unhunena[.]info/adadx/?mad=htmledit
Phishing,http://www[.]cabinetdiouri[.]com/backup/2/fonctions/Outlook/index.php
Phishing,https://nunt2[.]usa[.]cc:443
Phishing,https://weevoxsound[.]com/re.php
Phishing,https://bawaberita[.]com/hghggk/office_micro/login/office/
Phishing,http://recommendedforall[.]org/freedomforme/Googledoc
Phishing,https://sysmark[.]com[.]br/tmp/finished/index.php
Phishing,hxxps://myprevexpoogd.co[.]uk/Shoppas/Ride/archive/
Phishing,https://protect-us.mimecast.com/s/SopHCKrYZYC2A8kMiMMjOF?domain=bifurcate-splashes.000webhostapp.com
Phishing,http://aromabel[.]com[.]ar/
Phishing,https://efiyo[.]com/file/document
Phishing,https://fbaym[.]com/securemail/index.php?email=
Phishing,http://www [.] ustechsupport [.] com/
Phishing,https://bluestarhosting[.]net/confijjjjr/re.php
Phishing,https://courage2care[.]net/nnrhhjgj/office_micro/login/office
Phishing,https://bluestarhosting[.]net/confijjjjr/re.php
Phishing,https://courage2care[.]net/nnrhhjgj/office_micro/login/office
Phishing,hxxp://jpchoices[.]com/auth/BOAlastest/login.php
Phishing,http://karphomes[.]com/wabRedo/webredo.php
Phishing,http://webconnect.karphomes[.]com/Maxfiles.loaded/
Phishing,789c1d8485a6b773e5e1f2d484a92cd5
Phishing,hxxps://bpllplawfirm[.]com/
Phishing,https://tuyrb[.]ml/shipping/maersk/index.php
Phishing,hxxp://bodegold[.]date
Phishing,hxxp://dilitang[.]date
Phishing,https://missbasket[.]net/ss/sw/
Phishing,http://forme[.]twilightparadox.com/5b5b5d9eb4d87H3d4EHrsgA
Phishing,https://ntyrfter[.]co[.]uk/FIRSTAMERICA/office_micro/login/office/
Phishing,melit [.] biz/
Phishing,http://moonmaroon[.]com/images/secure/index.php
Phishing,174.127.119.210
Phishing,http://adminhelp[.]ulcraft.com
Phishing,185.165.123.4
Phishing,https://xses[.]info/php/EXEL/
Phishing,66.206.46.81
Phishing,http://boaalaw [.] com/capital/law
Phishing,hxxps://www.xwes[.]info/auths/sam2.aspx
Phishing,hxxps://www.kieznetz[.]info
Phishing,http://vigilantsys[.]co.ke/foldie/ofiice/office/login.php
Phishing,162.144.67.83
Phishing,hxxps://northcare[.]solutions/Thursday/ssl-v.1/
Phishing,https://dunlatoparoa-presufficient-exec[.]mybluemix.net/ozipao/
Phishing,169.54.245.69
Phishing,https://help-mkjjjjjj[.]cf/
Phishing,https://www.redfarmacalama[.]cl/wp-includes/new/business
Phishing,hxxp://andersen2018[.]com/3438934dc84b9250bf1413c4e52aecfa/
Phishing,https://rlamzo[.]org/cac/db
Phishing,http://ghoshexim[.]com/cac/db/
Phishing,hxxps://keepcallingu[.]info/rtyh/index.php?cardio=exercise
Phishing,hxxps://undualpropals[.]ga/
Phishing,https://www.corneroffice.co[.]in/newsletter/
Phishing,192.254.188.69
Phishing,https://dhaligroupbd[.]com/log/docc/docusi
Phishing,http://bonanza[.]cl/
Phishing,http://imqrmnczhlweqpt[.]usa[.]cc/wp-include/
Phishing,https://ofinsen[.]com/payout/
Phishing,146.112.61.108
Phishing,hxxps://aswadinvestment.co[.]ke/qazss/
Phishing,https://newroad[.]gq/kl/one/
Phishing,166.62.45.59
Phishing,https://decksscholach.ga/surf3[.]php
Phishing,hxxps://newroad[.]gq/kl/one/
Phishing,hxxps://gst-ingenieros[.]com/rt/one/
Phishing,hxxps://gst-ingenieros[.]com/rt/one/
Phishing,hxxp://endtimesng[.]org/wp-update/
Phishing,http://take-your-prize[.]cf/css/upgrade/
Phishing,https://www.liteflashhelp[.]trade/
Phishing,https://cdn.opendld[.]net/
Phishing,http://lp.boostmac[.]download/cnsn/1/
Phishing,672F769B64E9327E324F21D92D9F591FE3F27A94
Phishing,http://microsoft.0ffice365.2020mode[.]com/mcroft/
Phishing,civicbeatssedan[.]info/qwsa/index.php?youth=arena
Phishing,93.157.63[.]189
Phishing,civicbeatssedan[.]info/qwsa/index.php?youth=arena
Phishing,93.157.63[.]189
Phishing,hxxp://ud6j08kz3fo7h20yy2mg[.]epizy.com/
Phishing,http://adepafm[.]com/
Phishing,https://datedcodings[.]com/office/
Phishing,http://hmtaxrevs[.]co.uk.ref9043030spacepoint3e23.mistonedcraz.com/login/
Phishing,https://onedrive[.]godaddysites.com
Phishing,http://bookmystuff[.]co.in/invoicecopy/hdrive/DRIVE/ertyo
Phishing,hxxp://jnas[.]na.am/one/onedrive/
Phishing,hxxp://hooghlyonline[.]in/direct/online/12/index.php
Phishing,hxxps://goabeachlife[.]info/edcx/index.php?arynews=percentage
Phishing,hxxp://justyatra[.]com/txt/92511e64398856644de41dde17570294/
Phishing,hxxps://sbil[.]biz/kg/@%23%25!!%23%25$
Phishing,http://www.trevorconnors[.]com/wp-includes/Requests/Response/
Phishing,https://maitlanede [.] cf/Merryshop/CBEdited/CBEdited/CBEdited/shop&earn.htm
Phishing,hxxps://drayconstruction[.]com/assets/hits/arc/index.php
Phishing,hxxps://kerstensantiques-my[.]sharepoint[.]com
Phishing,hxxps://redscells[.]flu[.]cc/ordersecure/eimprovement/index.php
Phishing,https://vranwraf[.]bid/file/docusign/docusign/
Phishing,hxxps://kerstensantiques-my.sharepoint[.]com/
Phishing,https://greens[.]nut.cc/account-verification/
Phishing,https://phxfreight[.]com/fumr
Phishing,hxxps://xclusivedevelopers[.]com/qaz/@$@@!$
Phishing,https://3kreatif[.]tk/WeTransfer/vice/Office/Login/
Phishing,https://saisportswearltd[.]co.ke/Office365N/CD3HUD/newpage/account
Phishing,https://zipporehna[.]info/dfvc/
Phishing,https://vewbnj[.]com/admnone/onente/admnshp
Phishing,shorturi[.]win
Phishing,https://almagdpharma[.]com/u9/login/$%25%5E&@@%23/tk/login.php
Phishing,air45[.]duia[.]eu
Phishing,http://studio-aqualuna[.]com/UpBe
Phishing,http://krever[.]jp/5
Phishing,http://santafetails[.]com/dcz6vEs
Phishing,http://stolpenconsulting[.]com/QAjZrH6
Phishing,http://repro4[.]com/website/wp-content/uploads/MbO
Phishing,hxxp://www.fps-enp[.]com/office365s/
Phishing,http://ysd63[.]com/xw0jDX
Phishing,http://exclusiv-residence[.]ro/IuWn6
Phishing,http://leizerstamp[.]ir/zqiQcpE
Phishing,http://firstchoicetrucks[.]net/kCV0l
Phishing,http://olsenelectric[.]com/zVz4iwC
Phishing,http://ovstor[.]space/ZCcns6R8/upPYZXJ-5bmsQxwPi/m/h9L/g/
Phishing,http://ovstor[.]space/YChf/uZ/PTb/VgL/3/-evQxcHoB1/HcA
Phishing,http://ysd63[.]com/xw0jDX
Phishing,http://exclusiv-residence[.]ro/IuWn6
Phishing,http://leizerstamp[.]ir/zqiQcpE
Phishing,http://firstchoicetrucks[.]net/kCV0l
Phishing,http://olsenelectric[.]com/zVz4iwC
Phishing,02FD4CFA369A435123C0CA7DBA3E5BD9
Phishing,https://megabasez[.]info/xcde/index.php?highway=jump
Phishing,https://megabasez[.]info/edcx/
Phishing,https://adakokosar.weltechin[.]com
Phishing,http://estudioalm.com[.]uy/wp-furniture1/
Phishing,https://gshort12[.]000webhostapp.com/new_now/
Phishing,https://dequpnet [.] cf/danilas/oneee
Phishing,https://choldengs [.] gq/scholes/oneee/
Phishing,https://le-cid[.]org/cgi/six/
Phishing,https://redcosb[.]com/create/invoice/aproval/s/shared/index/index.php
Phishing,hxxp://parallelintegration[.]org/protect/protected/X3D/
Phishing,https://sysmark.com[.]br/bccccccccc/businessfiless/index.php
Phishing,https://elkgm[.]com/029092/vmnl/mvm
Phishing,hxxp://dropbox.com.register.document.dropbox.com.register.document.dropbox.com.register.document.dropbox.com.register.document.ziaeco[.]com/Dropbox/doc-login/
Phishing,http://www[.]lyndochparish.com[.]au//wp-includes/fonts/wellsfargo.html
Phishing,https://accounts-serives[.]me/fm/docg/doc/filewords/index.php
Phishing,http://d3od.ddns [.] net/
Phishing,https://huyt.hopto [.] org/D3D/
Phishing,http://cloudserv[.]gq/
Phishing,https://roanus[.]ga/confirm-data/
Phishing,http://ddf3.ddns [.] net/
Phishing,https://66yyy.ddns [.] net/D3D/
Phishing,https://chicottada.com[.]ve/edgewater/share/
Phishing,http://sekretarispro[.]com/AD/index.html
Phishing,http://kalaniketanbalvidyalaya[.]com/js/1/login/office/
Phishing,https://makingoffice[.]ml/redirect.php
Phishing,https://dailyconnect[.]website/properties/cgi/index.php
Phishing,http://facebook-login[.]acrbgov.org/f/?id=muDr
Phishing,http://quantum9[.]kozow.com/v5oqmzs8i1efvi6jhdny
Phishing,hxxps://officeservice-data365inc[.]com/*%26%23*%26*!%20%20%26!/office365/
Phishing,http://mrr.eddiescherries[.]com/
Phishing,http://zet.wenchmolts[.]com/update_flash_player.php
Phishing,http://interior-agency[.]de/uiopl/
Phishing,hxxps://x[.]co/Urb2a67b
Phishing,hxxps://intenalco.edu[.]co/bd/surelevels/
Phishing,http://mpnz25a922a7512aa[.]kozow[.]com/fr5h9xwgzf
Phishing,http://mpnz25a922a7512aa[.]kozow[.]com/9gczj8hzcs
Phishing,http://mpnz25a922a7512aa[.]kozow[.]com/b33zusyxxo
Phishing,http://manuelsuzuki[.]in.net/nsw/data/
Phishing,https://adobepdfclaimsshare[.]com/tgzip/tgzip/index.php
Phishing,https://leerael[.]co[.]za/protecfire/admin/login.microsoftonline.com
Phishing,https://cables[.]ipq[.]co/.cablesipq/.home/
Phishing,https://dinerkado[.]be/Office/office_micro/login/office
Phishing,http://www[.]dashboardonlinepro.com/read/nyt/
Phishing,hxxps://extrawebsecurirty[.]online/datasync2/share
Phishing,https://rushberryfruitz[.]info/zxcvb/index.php?dragoon=bubblebee
Phishing,http://indofurnicraft[.]com/hyde/Docusign/
Phishing,https://ecoklimalex[.]at/index/onedri/one/index.php
Phishing,https://www.adarkstormiscoming[.]com/SiteSolutionsGroupLLC/OneDrive/0992/
Phishing,https://okunowcanordezz[.]info/yujh/index.php?xperia=lexus
Phishing,hxxps://nsydkf[.]com/vm/vmailonmessage/onenewmessage/voiceroute/wavv/incorrect.php
Phishing,https://storage.googleapis [.] com/servingwebsitesecuredservingwebsitesecured/index.htm
Phishing,https://bxcszw[.]com/mmm/vmn/vmm
Phishing,https://wagonrcarnot[.]info/cvfds/index.php?backstreet=sports
Phishing,http://about-purchase-765[.]com/
Phishing,https://hisartgroup[.]in[.]net/Arista/Folder/Shared/OneDrive/
Phishing,http://www.ironwood-ind[.]com/wp-admin/js/Dcssl/docu/a/
Phishing,https://signsas[.]com/dr
Phishing,https://sooke-my [.] sharepoint [.] com/
Phishing,https://bkozozasairqi-unspatial-whangdoodle [.] eu-gb [.] mybluemix [.] net/bzca/
Phishing,finopaos [.] ga
Phishing,https://phoenixplus[.]xyz/true/
Phishing,https://sooke-my.sharepoint[.]com/
Phishing,https://bkozozasairqi-unspatial-whangdoodle.eu-gb.mybluemix[.]net/
Phishing,hxxps://grabafan[.]com/wp-accesss35/One-Drives/wp-include/One-Drive/
Privilege Escalation,4e2acf4f8a396486ab4268c94a6a245f
Privilege Escalation,e08fe2de3ddd22123247d49a11b4f53d
Privilege Escalation,4e2acf4f8a396486ab4268c94a6a245f
Privilege Escalation,41e25e514d90e9c8bc570484dbaff62b
RAT,6e701670350b4aea3d2ead4b929317b0a6d835aa4c0331b25d65ecbfbf8cb500
Suspicious Logins,104.236.231.33
Suspicious Logins,197.210.45.127
Suspicious Logins,78.153.148.23
Suspicious Logins,77.234.46.238
Suspicious Logins,185.56.235.248
Suspicious Logins,167.99.224.50
Suspicious Logins,197.210.52.54
Suspicious Logins,168.253.114.197
Suspicious Logins,146.185.140.224
Suspicious Logins,178.128.173.47
Suspicious Logins,146.185.144.53
Suspicious Logins,165.227.236.146
Suspicious Logins,159.65.137.131
Suspicious Logins,184.212.143.159
Suspicious Logins,41.58.78.43
Suspicious Logins,178.62.213.181
Suspicious Logins,197.210.10.11
Suspicious Logins,197.210.52.63
Suspicious Logins,192.241.155.238
Suspicious Logins,178.128.174.255
Suspicious Logins,146.185.138.141
Suspicious Logins,104.131.32.86
Suspicious Logins,178.128.164.110
Suspicious Logins,198.199.67.54
Suspicious Logins,107.170.239.61
Suspicious Logins,41.190.18.66
Suspicious Logins,178.62.8.236
Suspicious Logins,138.68.181.202
Suspicious Logins,197.210.54.117
Suspicious Logins,159.203.61.231
Suspicious Logins,178.128.209.216
Suspicious Logins,159.89.114.182
Suspicious Logins,105.112.23.18
Suspicious Logins,5.62.43.39
Suspicious Logins,167.99.196.125
Suspicious Logins,197.210.54.107
Suspicious Logins,184.212.17.109
Suspicious Logins,67.205.183.163
Suspicious Logins,160.152.25.225
Suspicious Logins,181.36.5.50
Suspicious Logins,178.62.213.181
Suspicious Logins,159.89.202.49
Suspicious Logins,165.227.56.45
Suspicious Logins,159.89.145.247
Suspicious Logins,159.65.148.124
Suspicious Logins,197.156.241.240
Suspicious Logins,159.89.102.13
Suspicious Logins,169.239.194.146
Suspicious Logins,165.227.173.58
Suspicious Logins,107.170.205.145
Suspicious Logins,138.197.144.140
Suspicious Logins,41.180.0.158
Suspicious Logins,righteye88101@gmail[.]com
Suspicious Logins,197.211.59.162
Suspicious Logins,139.59.168.206
Suspicious Logins,45.55.169.78
Suspicious Logins,197.210.45.28
Suspicious Logins,169.239.194.185
Suspicious Logins,142.93.0.66
Suspicious Logins,167.99.172.135
Suspicious Logins,105.112.17.236
Suspicious Logins,197.210.54.95
Suspicious Logins,212.100.79.80
Suspicious Logins,77.234.46.240
Suspicious Logins,169.239.193.77
Suspicious Logins,41.58.222.217
Suspicious Logins,178.128.175.93
Suspicious Logins,167.99.187.83
Suspicious Logins,197.210.44.161
Suspicious Logins,197.210.226.58
Suspicious Logins,41.58.200.156
Suspicious Logins,41.190.2.11
Suspicious Logins,196.52.39.2
Suspicious Logins,104.200.159.72
Suspicious Logins,169.159.117.225
Suspicious Logins,41.190.2.115
Suspicious Logins,172.83.40.115
Suspicious Logins,169.159.117.225
Suspicious Logins,172.98.84.174
Suspicious Logins,105.112.32.56
Suspicious Logins,159.89.134.108
Suspicious Logins,192.241.219.31
Suspicious Logins,173.244.44.58
Suspicious Logins,41.58.77.212
Suspicious Logins,173.239.232.146
Suspicious Logins,120.52.73.174
Suspicious Logins,169.53.164.127
Suspicious Logins,160.152.37.1
Suspicious Logins,184.212.249.216
Suspicious Logins,159.65.46.191
Suspicious Logins,173.244.44.27
Suspicious Logins,199.116.115.145
Suspicious Logins,192.111.142.145
Suspicious Logins,196.52.39.34
Suspicious Logins,199.116.115.143
Suspicious Logins,184.212.103.16
Suspicious Logins,138.197.164.215
Suspicious Logins,107.181.191.36
Suspicious Logins,104.236.228.237
Suspicious Logins,5.62.59.26
Suspicious Logins,107.181.176.98
Suspicious Logins,169.239.192.7
Suspicious Logins,93.84.146.55
Suspicious Logins,107.152.98.82
Suspicious Logins,197.242.242.2
Suspicious Logins,181.67.2.99
Suspicious Logins,197.210.44.147
Suspicious Logins,173.115.167.79
Suspicious Logins,197.211.61.16
Suspicious Logins,67.205.181.62
Suspicious Logins,176[.]16[.]0[.]0/19
Suspicious Logins,129.56.141.206
Suspicious Logins,129.56.141.93
Suspicious Logins,178.128.168.232
Suspicious Logins,197.156.241.248
Suspicious Logins,41.242.0.62
Suspicious Logins,159.89.166.176
Suspicious Logins,199.116.115.145
Suspicious Logins,206.81.3.234
Suspicious Logins,174.138.56.241
Suspicious Logins,162.243.51.250
Suspicious Logins,137.59.252.226
Suspicious Logins,172.98.77.235
Suspicious Logins,199.116.118.231
Suspicious Logins,77.234.46.219
Suspicious Logins,173.239.232.34
Suspicious Logins,105.112.112.17
Suspicious Logins,154.66.52.190
Suspicious Logins,41.58.123.70
Suspicious Logins,192.241.225.111
Suspicious Logins,167.99.187.178
Suspicious Logins,198.8.84.236
Suspicious Logins,162.243.140.30
Suspicious Logins,107.170.243.224
Suspicious Logins,77.234.46.164
Suspicious Logins,41.190.30.72
Suspicious Logins,162.243.19.168
Suspicious Logins,154.160.0.180
Suspicious Logins,37.46.114.69
Suspicious Logins,105.112.23.116
Suspicious Logins,197.255.166.10
Suspicious Logins,173.244.44.68
Suspicious Logins,165.227.187.79
Suspicious Logins,192.241.221.241
Suspicious Logins,159.89.181.169
Suspicious Logins,212.100.94.57
Suspicious Logins,197.210.64.12
Suspicious Logins,162.243.14.249
Suspicious Logins,165.227.47.137
Suspicious Logins,173.239.230.34
Suspicious Logins,205.185.193.197
Suspicious Logins,197.242.115.13
Suspicious Logins,154.120.115.10
Suspicious Logins,173.245.202.210
Suspicious Logins,41.190.14.218
Suspicious Logins,184.212.60.228
Suspicious Logins,198.8.93.32
Suspicious Logins,197.211.60.58
Suspicious Logins,138.68.6.15
Suspicious Logins,41.190.3.158
Suspicious Logins,167.99.103.238
Suspicious Logins,41.58.75.20
Suspicious Logins,41.58.99[.]175
Suspicious Logins,159.89.193.118
Suspicious Logins,107.152.104.211
Suspicious Logins,173.239.232.17
Suspicious Logins,178.62.221.111
Suspicious Logins,178.128.93.124
Suspicious Logins,178.128.45.180
Suspicious Logins,173.239.232.159
Suspicious Logins,159.65.117.143
Suspicious Logins,192.168.0.29
Suspicious Logins,41.58.91.226
Suspicious Logins,197.156.241[.]248
Suspicious Logins,197.156.241[.]249
Suspicious Logins,197.58.113.117
Suspicious Logins,198.199.118.169
Suspicious Logins,41.190.30.196
Suspicious Logins,159.89.236[.]167
Suspicious Logins,41.138.169[.]86
Suspicious Logins,205.185.223.215
Suspicious Logins,159.65.148.109
Suspicious Logins,104.131.173.61
Suspicious Logins,104.200.135.125
Suspicious Logins,212.100.80.47
Suspicious Logins,41.190.30.90
Suspicious Logins,5.62.63.55
Suspicious Logins,159.89.173.108
Suspicious Network Activity,f5322b2f18605674b9a0c1757de5fd94
Suspicious Network Activity,3288c284561055044c489567fd630ac2
Vishing,http://isnotgoingto[.]tk/index/?1641501770611
Vishing,http://johnwilkescame[.]tk/index/?ZvfTQ5
Vishing,hxxp://system-alert-immediate-responder-online[.]ga/alert/ch/
Vishing,hxxp://loprfgtedsa[.]tk
Vishing,https://coding09-info[.]cf
Vishing,http://superhubstar[.]info/index.php
Vishing,http://developat[.]online/chrome_win/
Vishing,http://159.65.46[.]130/
Vishing,allhelps24x7[.]online