threat_category,ioc
Cryptocurrency mining,ws032.authedmine[.]com
Cryptocurrency mining,europe[.]cryptonight-hub[.]miningpoolhub[.]com
Cryptocurrency mining,hxxp://foreground[.]me/m/3[.]ico
Cryptocurrency mining,www.hashing[.]win
Cryptocurrency mining,lixans[.]com
Cryptocurrency mining,hrtests.ru
Cryptocurrency mining,stafftest.ru
Cryptocurrency mining,browsermine[.]com
Cryptocurrency mining,hxxp://newage[.]newminersage[.]com:8393/
Cryptocurrency mining,newage.newminersage[.]com
Cryptocurrency mining,newage.radnewage[.]com
Cryptocurrency mining,newage.minernewage[.]com
Cryptocurrency mining,ftp.oo000oo[.]me
Cryptocurrency mining,europe.cryptonight-hub.miningpoolhub.com
Malicious Office Document,hxxp://www[.]furnisofa[.]com/YucipclqQ4/
Malicious Office Document,hxxp://www[.]marpaybiotech[.]com/IIzaSAz/
Malicious Office Document,hxxp://www[.]gentiane-salers[.]com/PpsNE9P/
Malicious Office Document,hxxp://www[.]bibizdevar[.]com/dNL2ZI5alI/
Malicious Office Document,hxxp://www[.]hotpietruck[.]com/LnhchhmDCU
Malicious Office Document,hxxp://189[.]197.62.222:443/
Malicious Office Document,hxxp://187[.]167.192.22/
Malicious Office Document,hxxp://theneonblonde[.]com/hu[.]hu
Malicious Office Document,hxxp://adultacnetreatmentreviews[.]com/hu[.]hu
Malicious Office Document,hxxp://matdansunano[.]com/sotpie/8kQ6K/
Malicious Office Document,hxxp://www.sayginmedia[.]com/6gOwBc/
Malicious Office Document,hxxp://www.federalarmsinternational[.]com
Malicious Office Document,hxxp://www.peternakan.unwiku.ac[.]id/8jPle/8jPle/
Malicious Office Document,hxxp://www.mezuena[.]com/MfXlN/
Malicious Office Document,hxxp://88[.]79[.]210[.]243:443/
Malicious Office Document,hxxp://24[.]121[.]176[.]48:443/
Malicious Office Document,hxxp://144[.]217[.]246[.]57/
Malicious Office Document,hxxp://www.npi95[.]fr/YTR/
Malicious Office Document,hxxp://www.showbizpro[.]ru/HI/
Malicious Office Document,hxxp://www.agjas[.]org/m/
Malicious Office Document,hxxp://www.altinbronz[.]com[.]tr/BCsOo/
Malicious Office Document,hxxp://www.travelution[.]id/cbpGh3W/
Malicious Office Document,144[.]217[.]246[.]57
Malicious Office Document,hxxp://www.ekomaiko[.]cl/GbIamb/
Malicious Office Document,hxxp://www.nevisandeh[.]info/L4GS7dj/
Malicious Office Document,hxxp://www.frotista.com[.]br/Yb/
Malicious Office Document,hxxp://www.planedoengenharia.com[.]br/y/
Malicious Office Document,hxxp://inicjatywa.edu[.]pl//5n/
Malicious Office Document,hxxp://www.alouane-organisation[.]com/Z8W/
Malicious Office Document,hxxp://mironovka-school[.]ru/SrSb1/`
Malicious Office Document,hxxp://www.valentinesday[.]bid/SlqoBZC/
Malicious Office Document,hxxp://www.gubo[.]hu/bSGADpL/
Malicious Office Document,hxxp://www.destalo[.]pt/K7Uk/
Malicious Office Document,hxxp://hanking-investment[.]com/bu
Malicious Office Document,hxxp://ekuvshinova.com/GqLhxQ
Malicious Office Document,hxxp://ano-aic[.]ru/7Dq
Malicious Office Document,hxxp://bazilevs[.]ru/Ib
Malicious Office Document,hxxp://frepaen[.]org/5w
Malicious Office Document,hxxp://98\.163.53.175:443/
Malicious Office Document,hxxp://examon[.]info/franky/skytha.exe
Malicious Office Document,hxxp://alpharockgroup[.]com/HT
Malicious Office Document,hxxp://adminflex[.]dk/l5TF6w
Malicious Office Document,hxxp://gailong[.]net/X5AyWfJG
Malicious Office Document,hxxp://shunji[.]org/logsite/TJaaB
Malicious Office Document,hxxp://binar48[.]ru/OtTlVIU5
Malware/Riskware on System,hxxps://styxsaloka[.]com/beta/backup.php2
Malware/Riskware on System,hxxps://styxsaloka[.]com/beta/page.php
Malware/Riskware on System,hxxps://dl.dropboxusercontent[.]com/s/namkbc37wtx2mdq/reg_load_subsequent.ps1
Malware/Riskware on System,b08fyqxb2.ru
Malware/Riskware on System,hxxp://whitakerfamily[.]info
Malware/Riskware on System,hxxp://rayanat[.]com
Malware/Riskware on System,hxxp://whitakerfamily[.]info/ico.ico
Malware/Riskware on System,hxxp://rayanat[.]com/ico.ico
Malware/Riskware on System,hxxp://harshartcreation[.]com/microsoft.vbs
Malware/Riskware on System,hxxp://pm2bitcoin[.]com:5000/is-ready
Malware/Riskware on System,hxxp://lidsandjars[.]com/room[.]plo
Malware/Riskware on System,hxxp://velsun[.]in/room[.]plo
Malware/Riskware on System,hxxp://bibersongs[.]com/breepital27/xxxger?mujejur=l&woxuaega=cimedaqibi&lezovopuco=bagalyd
Malware/Riskware on System,14ffa5b9704f119d5964781ce8913d5fgreatestcontent4yourmachinenow/./bid
Malware/Riskware on System,disorderstatus[.]ru
Malware/Riskware on System,differentia[.]ru
Malware/Riskware on System,76236osm1[.]ru
Malware/Riskware on System,gvaq70s7he[.]ru
Malware/Riskware on System,hxxps://ossainicholasossai[.]com/wp-content/templates/kdjfs.png
Malware/Riskware on System,hxxps://time2code[.]ch/wp-content/templates/fhdxdnq.png
Malware/Riskware on System,hxxps://otcpress[.]aliencyb.org/wp-content/ttt/mkcxid.png
Malware/Riskware on System,hxxps://www.dropbox[.]com/s/41zf98knyy5atko/001_01.ps1?dl=1
Malware/Riskware on System,hxxps://www.dropbox[.]com/s/dh8flnrogfq1h1w/001.ps1?dl=1
Malware/Riskware on System,hxxp://mgnr[.]mx/pl.ox
Malware/Riskware on System,hxxp://handsurgeonkatytx[.]com/pl.ox
Malware/Riskware on System,hxxp://www[.]alouane-organisation[.]com/Z8W/
Malware/Riskware on System,hxxp://mironovka-school[.]ru/SrSb1/
Malware/Riskware on System,hxxp://www[.]valentinesday[.]bid/SlqoBZC/
Malware/Riskware on System,hxxp://www[.]gubo[.]hu/bSGADpL/
Malware/Riskware on System,hxxp://www[.]destalo[.]pt/K7Uk/
Malware/Riskware on System,hxxp://edisonnjseo[.]com/jap.plap
Malware/Riskware on System,hxxp://longbeachcaseo[.]com/
Malware/Riskware on System,hxxp://31[.]148.220.142/
Malware/Riskware on System,86.105.18.236
Malware/Riskware on System,inbound.iboe[.]com
Malware/Riskware on System,hxxp://jandkonline[.]com/smp/B4Nxg4v/
Malware/Riskware on System,hxxp://michaelkammes[.]com/N9vdTTT/
Malware/Riskware on System,hxxp://www.wrightstexasnursery[.]com/1koy/
Malware/Riskware on System,hxxp://creative-machine.net/eh0HC/
Malware/Riskware on System,hxxp://redwire.us/rco/P5DDr/
Malware/Riskware on System,hxxp://pixy7[.]com/Uhkt
Malware/Riskware on System,hxxp://pharno[.]ch/h8jnf2uL
Malware/Riskware on System,hxxp://rent360[.]co.za/EwE
Malware/Riskware on System,hxxp://schuhversand-mueller[.]de/NiCi
Malware/Riskware on System,hxxp://mds[.]ge/EogJiPj
Malware/Riskware on System,192.151.158.138
Malware/Riskware on System,hxxp://miplataforma[.]net/pdf/US/DOC/Invoice-749812
Malware/Riskware on System,154.127.59.97
Malware/Riskware on System,vvrhhhnaijyj6s2m[.]onion[.]top
Malware/Riskware on System,srv1000.ru
Malware/Riskware on System,104.239.213.7
Malware/Riskware on System,45.77.56.53
Malware/Riskware on System,104.100.69.37
Malware/Riskware on System,hxxp://www.fortgibsonstorage[.]com
Malware/Riskware on System,hxxp://henkterharmsel[.]nl/doc/En/Recent-money-transfer-details
Malware/Riskware on System,hxxp://service-pc[.]com.ro/rog
Malware/Riskware on System,hxxp://loucic[.]com.br/Vmr
Malware/Riskware on System,hxxp://macrospazio[.]it/oJl
Malware/Riskware on System,hxxp://light-estate[.]co.jp/logon/MN3
Malware/Riskware on System,hxxp://michiganbusiness[.]us/gDuCDakW
Malware/Riskware on System,hxxp://www.ultigamer[.]com/wp-admin/includes/Y3M2
Malware/Riskware on System,hxxp://siamgemsheritage[.]com/career_system/backoffice/uploads/pwZ1CfJ4
Malware/Riskware on System,hxxp://website.vtoc[.]vn/demo/hailoc/wp-snapshots/Hf2l
Malware/Riskware on System,hxxp://barocatch[.]com/kUOtt
Malware/Riskware on System,hxxp://muhammadiyahamin[.]com/wp-content/uploads/2018/05/NOr
Malware/Riskware on System,hxxp://tenicoriv[.]com/Flux/tst/index.php?l=abc2.tkn
Malware/Riskware on System,hxxp://scandryer[.]se/
Malware/Riskware on System,hxxp://leisurecoinmachine[.]com/XxO
Malware/Riskware on System,hxxp://santacharityevent[.]com/QKkQ
Malware/Riskware on System,hxxp://nase-rodina[.]cz/xoV9W6
Malware/Riskware on System,hxxp://serborek[.]com/b3eoWq
Malware/Riskware on System,54.39.58.168
Malware/Riskware on System,hxxp://204[.]155[.]31[.]67/bootstrap.css
Malware/Riskware on System,hxxp://getapp.elemonopy[.]com/download/1495373619430762/PdfPro_ie.exe
Malware/Riskware on System,hxxp://tapertoni[.]com/Flux/tst/index.php?l=ab1.tkn
Malware/Riskware on System,ddukmql[.]com
Malware/Riskware on System,hxxp://oligobere[.]com/Flux/tst/index.php?l=aa2.tkn
Malware/Riskware on System,home[.]mindspring[.]com
Malware/Riskware on System,didobanty1[.]ddns.net
Malware/Riskware on System,hxxp://psychedelicsociety[.]org[.]au/3mw
Malware/Riskware on System,hxxp://dolci-peccati[.]it/y7U9
Malware/Riskware on System,hxxp://shokoohsanat[.]ir/uzCM5rrY
Malware/Riskware on System,hxxp://kandosii[.]net/RfYza
Malware/Riskware on System,hxxp://fractal[.]vn/oL
Malware/Riskware on System,tunuhon[.]com
Malware/Riskware on System,d274eq41c39r2n.cloudfront[.]net
Malware/Riskware on System,hxxp://hertifical[.]com/tst/index.php?l=soho6.tkn
Malware/Riskware on System,zedrevo[.]com
Malware/Riskware on System,condonizer[.]com
Malware/Riskware on System,vezeronu[.]com
Malware/Riskware on System,veserans[.]com
Malware/Riskware on System,panisodan[.]com
Malware/Riskware on System,lambchop[.]thisplace[.]ca
Malware/Riskware on System,hxxp://habarimoto24[.]com/Nh
Malware/Riskware on System,hxxp://fenett2018[.]com/dObgx
Malware/Riskware on System,hxxp://eastend[.]jp/Bl5kFA
Malware/Riskware on System,hxxp://bemnyc[.]com/u8ERiJeq
Malware/Riskware on System,hxxp://abakus-biuro[.]net/a9zqEmm
Malware/Riskware on System,hxxp://zedrevo[.]com/tst/index.php?l=soho8.tkn
Malware/Riskware on System,hertifical[.]com
Malware/Riskware on System,hxxp://vaderstog[.]com/Flux/tst/index.php?l=aa10.tkn
Malware/Riskware on System,hxxp://hertifical[.]com/tst/index.php?l=soho10.tkn
Malware/Riskware on System,lambchop[.]thisplace[.]ca
Malware/Riskware on System,hxxp://vezopilan[.]com/tst/index.php?l=soho7.tkn
Malware/Riskware on System,baberonto[.]com
Malware/Riskware on System,vedoriska[.]com
Malware/Riskware on System,cimoselin[.]com
Malware/Riskware on System,hxxp://cimoselin[.]com/tst/index.php?l=soho1.tkn
Malware/Riskware on System,hxxp://cimoselin[.]com/tst/index.php?l=soho2.tkn
Malware/Riskware on System,vezopilan[.]com
Malware/Riskware on System,bidesony[.]com
Malware/Riskware on System,hxxp://cimoselin[.]com/tst/index.php?l=soho5.tkn
Malware/Riskware on System,hxxp://memeconi[.]com/TNT/index.php?l=anti2.tkn
Malware/Riskware on System,fedvertisa[.]com
Malware/Riskware on System,hxxp://memeconi[.]com/TNT/index.php?l=anti3.tkn
Malware/Riskware on System,hxxp://vezopilan[.]com/tst/index.php?l=soho9.tkn
Malware/Riskware on System,apatternlike[.]com
Malware/Riskware on System,lolobec[.]website
Malware/Riskware on System,hxxp://miafashionropadeportiva[.]com/y
Malware/Riskware on System,hxxp://terabuild.sevencolours[.]eu/4bc2kL
Malware/Riskware on System,hxxp://oztax-homepage.tonishdev[.]com/Lg4
Malware/Riskware on System,hxxp://vioprotection[.]com.co/u
Malware/Riskware on System,hxxp://test.helos[.]no/6GZ24w1
Malware/Riskware on System,yfucgda[.]com
Malware/Riskware on System,pgtexkd[.]com
Malware/Riskware on System,hxxp://lementiora[.]com/YUY/huonasdh.php?l=oue2.tkn
Malware/Riskware on System,hxxp://beriodnas[.]com/YUY/huonasdh.php?l=vbn6.tkn
Malware/Riskware on System,nedioplina[.]com
Malware/Riskware on System,www.lementiora[.]com
Malware/Riskware on System,supportfilds[.]ru
Malware/Riskware on System,hxxp://nobles-iq[.]com
Malware/Riskware on System,hxxp://bba-es[.]com
Malware/Riskware on System,hxxp://studio-aqualuna[.]com/UpBe
Malware/Riskware on System,hxxp://krever[.]jp/5
Malware/Riskware on System,hxxp://santafetails[.]com/dcz6vEs
Malware/Riskware on System,hxxp://stolpenconsulting[.]com
Malware/Riskware on System,hxxp://repro4[.]com/website/wp-content/uploads/MbO
Malware/Riskware on System,hxxps://maindreamline[.]com/space/send.php2
Malware/Riskware on System,hxxp://monwepoasdnqw[.]com/YUY/huonasdh.php?l=kuk2.tkn
Malware/Riskware on System,hxxp://may64[.]co[.]pl/go[.]php?a_aid=5847df2ec7de8&fn=netflix
Malware/Riskware on System,hxxp://filegenerator[.]blob[.]core[.]windows[.]net/
Malware/Riskware on System,hxxps://intie.blob.core.windows.net/
Malware/Riskware on System,hxxp://pexirenta[.]com/YUY/huonasdh[.]php?l=kuk2.tkn
Malware/Riskware on System,hxxp://puntoyaparteseguros[.]com/I
Malware/Riskware on System,hxxp://infolierepvc[.]ro/z6OFthrp
Malware/Riskware on System,hxxp://mzep[.]ru/xGKS
Malware/Riskware on System,hxxp://grafobox[.]com/S@
Malware/Riskware on System,hxxp://haldeman[.]info/Zw
Malware/Riskware on System,hxxp://bba-es[.]com/cli.nkz
Malware/Riskware on System,hxxp://beds2buy[.]co.uk/cli.nkz
Malware/Riskware on System,hxxp://37.59.117[.]243/index.php?id=b3851d747c5cff6f99051aa0126fd11cd2cfc19b40bfcbf6dd7b15d815369703
Malware/Riskware on System,hxxp://ftp.impreac.com/
Malware/Riskware on System,hxxp://boloshortolandia[.]com/ozylgj6Z6
Malware/Riskware on System,hxxp://ncvascular[.]com.au/69V3Cpx
Malware/Riskware on System,hxxp://inmayjose[.]es/IB8JhFSXiV
Malware/Riskware on System,hxxp://lalievre[.]ca/O0Pmale
Malware/Riskware on System,hxxp://makmedia[.]ch/b5jSC1b
Malware/Riskware on System,hxxp://201[.]146[.]211[.]106:7080/
Malware/Riskware on System,hxxp://73[.]125[.]45[.]48/whoami.php
Malware/Riskware on System,hxxp://thenlorefuse[.]com/4/forum.php
Malware/Riskware on System,hxxp://thosewebbs[.]com/wp-content/plugins/prevent-xmlrpc/1
Malware/Riskware on System,hxxp://thenlorefuse[.]com/mlu/forum.php
Malware/Riskware on System,hxxp://thosewebbs[.]com/wp-content/plugins/prevent-xmlrpc/2
Malware/Riskware on System,hxxp://thosewebbs[.]com/wp-content/plugins/prevent-xmlrpc/3
Malware/Riskware on System,hxxp://smartstoragerd[.]com/MVZ
Malware/Riskware on System,hxxp://semashur10s[.]org/FQCS
Malware/Riskware on System,hxxp://mahdepardis[.]com/NbIDI9ep
Malware/Riskware on System,hxxp://ekositem[.]com/t
Malware/Riskware on System,hxxp://zombieruncr[.]com/tegIHp
Malware/Riskware on System,hxxp://a4d-development[.]org/YGKX
Malware/Riskware on System,hxxp://alanyapropertysale[.]com/OOmX2a
Malware/Riskware on System,hxxp://tan-gho[.]com/StjB
Malware/Riskware on System,hxxp://mahdepardis[.]com/DpTRthF
Malware/Riskware on System,hxxp://samarthdparikh[.]com/4b9iHQ3
Malware/Riskware on System,hxxp://tfkam38pqhsh6m[.]com/RTT/opanskot.php?l=kbnk4.tkn
Malware/Riskware on System,hxxp://enduuyyhgeetyasd[.]com/RTT/opanskot.php?l=omg9.tkn
Malware/Riskware on System,hxxp://tomas[.]datanom[.]fi/testlab/w0qi46LyvZ
Malware/Riskware on System,hxxp://www[.]plasdo[.]com/MNXfUEtpo
Malware/Riskware on System,hxxp://vinastone[.]com/m3qQf5sLVY
Malware/Riskware on System,hxxp://vaarbewijzer[.]nl/D50JpVAsc0
Malware/Riskware on System,hxxp://ruforum[.]uonbi[.]ac[.]ke/wp-content/uploads/afZG2WrC
Malware/Riskware on System,hxxp://enduuyyhgeetyasd[.]com/RTT/opanskot.php?l=omg8.tkn
Malware/Riskware on System,hxxp://ooiansyyhgeetyzxc[.]com/RTT/opanskot.php?l=omg4.tkn
Malware/Riskware on System,zooloopil[.]fun
Malware/Riskware on System,uuaisdnqweasd[.]com
Malware/Riskware on System,lambchop.thisplace[.]ca
Malware/Riskware on System,hxxp://hvyiasubeqweqw[.]com/RTT/opanskot.php?l=omg9.tkn
Malware/Riskware on System,hxxp://laschuk.com[.]br/C7f65h8p
Malware/Riskware on System,hxxp://jobarba[.]com/wp-content/nY7NWG7z
Malware/Riskware on System,hxxp://familiekoning[.]net/YT9gzKUs
Malware/Riskware on System,hxxp://www.ultigamer[.]com/wp-admin/includes/OCklr3Q
Malware/Riskware on System,hxxp://fluorescent[.]cc/ttQoKkJ4sC
Malware/Riskware on System,whoulatech[.]com
Malware/Riskware on System,africategy[.]website
Malware/Riskware on System,hxxp://apollon-hotel[.]eu/X3LVJH6
Malware/Riskware on System,hxxp://138[.]68[.]2[.]34/wp-content/uploads/cfNP5EWD
Malware/Riskware on System,hxxp://45[.]64[.]128[.]172/2
Malware/Riskware on System,hxxp://5minuteaccountingmakeover[.]com/BRWYR
Malware/Riskware on System,hxxp://alyeser[.]com/wp-content/themes/framed-redux/images/GRO
Malware/Riskware on System,hxxp://milehighffa[.]com/Wn0Kwn
Malware/Riskware on System,hxxp://yess[.]pl/YdJytbr
Malware/Riskware on System,hxxp://auto-diagnost[.]com.ua/F
Malware/Riskware on System,hxxp://silverlineboatsales[.]com/1R906A1
Malware/Riskware on System,hxxp://miaudogs.pt/x3ZLoewB
Malware/Riskware on System,hxxp://q0fpkblizxfe1l.com/RTT/opanskot.php?l=targa3.tkn
Malware/Riskware on System,hxxp://t95dfesc2mo5jr[.]com/RTT/opanskot.php?l=targa2.tkn
Malware/Riskware on System,hxxp://q0fpkblizxfe1l[.]com/RTT/opanskot.php?l=targa4.tkn
Malware/Riskware on System,kanboard.globalsoftm[.]com
Malware/Riskware on System,hxxp://q0fpkblizxfe1l[.]com/RTT/opanskot.php?l=targa3.tkn
Malware/Riskware on System,hxxp://aprovadopeloshomens[.]info/NkKo
Malware/Riskware on System,hxxp://autopricep[.]kz/HxrdY
Malware/Riskware on System,hxxp://bazarmotorco[.]ir/X5bAi4CB
Malware/Riskware on System,hxxp://atrakniaz[.]ir/mcm
Malware/Riskware on System,hxxp://avangard30[.]ru/UiDWw
Malware/Riskware on System,hxxp://bioners[.]com/X8nV8i
Malware/Riskware on System,hxxp://otiaki[.]com/33EKwRe
Malware/Riskware on System,hxxp://bc-cdc[.]org/x
Malware/Riskware on System,hxxp://marienthal[.]info/gIAl3AM
Malware/Riskware on System,hxxp://jingtianyanglao[.]com/iaM5oV8
Malware/Riskware on System,hxxp://vagenkart[.]com/XOE/kemvopod.php?l=qily3.tkn
Malware/Riskware on System,hxxp://familiekoning[.]net/Sw51duCIY
Malware/Riskware on System,hxxp://website.vtoc[.]vn/demo/hailoc/wp-snapshots/JeHXbk6WzM
Malware/Riskware on System,hxxp://librusfan[.]ru/271vNHA
Malware/Riskware on System,hxxp://tomas.datanom[.]fi/testlab/VJ1t3ol
Malware/Riskware on System,hxxp://altarfx[.]com/8Es5z7sVJL
Malware/Riskware on System,hxxp://vagenkart[.]com/XOE/kemvopod.php
Malware/Riskware on System,hxxp://3kh4te118zvms[.]com/XOE/kemvopod.php?l=xtem3.tkn
Malware/Riskware on System,hxxp://marqets.ru/tlyJ
Malware/Riskware on System,hxxp://7continents7lawns.com/huWJYej
Malware/Riskware on System,hxxp://7naturalessences.com/iX
Malware/Riskware on System,hxxp://dek-kam.ru/09XTe
Malware/Riskware on System,hxxp://krever.jp/bvu0
Malware/Riskware on System,hxxp://5yg65qcxsulvovz8[.]com/DAB/nerimf.php?l=jeba7.pas
Malware/Riskware on System,hxxp://alignsales[.]com/5iTjBVHgiZ
Malware/Riskware on System,hxxp://aquatroarquitetura[.]com.br/xqk3qb5a
Malware/Riskware on System,hxxps://adamant[.]kz/CVjsyDag
Malware/Riskware on System,hxxp://02feb02[.]com/d8rOmLBT
Malware/Riskware on System,hxxp://pornbeam[.]com/B6v8OJvL
Malware/Riskware on System,hxxp://vanieospjo[.]com/DAB/nerimf.php?l=kamax5.pas
Malware/Riskware on System,hxxp://69.70.248.98:8443/
Malware/Riskware on System,hxxp://96.23.80.242:50000/
Malware/Riskware on System,13.107.4.50:80
Malware/Riskware on System,23.217.164.198:80
Malware/Riskware on System,191.232.80.58:443
Malware/Riskware on System,hxxp://bcgfl[.]com/sdn.uqw
Malware/Riskware on System,hxxp://ubeinc[.]com/sdn.uqw
Malware/Riskware on System,hxxp://gabrielamenna[.]com/ONSxgnweAl
Malware/Riskware on System,hxxp://danilbychkov[.]ru/QBIN69xgw
Malware/Riskware on System,hxxp://caspianlab[.]ir/tIcXKP6
Malware/Riskware on System,hxxp://ctiexpert[.]com/7U87CMw
Malware/Riskware on System,hxxp://ecol[.]ru/9kgiz7sV1
Malware/Riskware on System,hxxp://hnuk[.]net/g
Malware/Riskware on System,hxxp://fenja[.]com/wwvvv/8S
Malware/Riskware on System,hxxp://www.elucido[.]se/mH95fHIX
Malware/Riskware on System,hxxp://edisolutions[.]us/U7mhh6Ks
Malware/Riskware on System,hxxp://ecopropaganda.com[.]br/SBNPa
Malware/Riskware on System,hxxp://ruralinnovationfund.varadev.com/lKKK1wruj
Malware/Riskware on System,hxxp://alumni.poltekba.ac.id/9Oqgg6M
Malware/Riskware on System,hxxp://fourtion.com/qyBf2DfGd
Malware/Riskware on System,hxxp://emmlallagosta.cat/SxSBuh1k
Malware/Riskware on System,hxxp://sparq.co.nz/78sA4Pii
Malware/Riskware on System,81.177.23.178
Malware/Riskware on System,hxxp://hadidndintligh[.]ru/d2/about.php
Malware/Riskware on System,hxxp://bitcoinpaperstockcertificate[.]com/
Malware/Riskware on System,hxxp://cryptocurrencypaperwalletcertificate.org/
Malware/Riskware on System,hxxp://razerovuar.com/jzmc1naxan90.uti
Malware/Riskware on System,hxxp://195.123.225.153
Malware/Riskware on System,hxxp://bahiacreativa.com/drF5M4c
Malware/Riskware on System,hxxp://02feb02.com/tLJxCef1
Malware/Riskware on System,hxxp://johnscevolaseo.com/mxtKQr8md
Malware/Riskware on System,hxxp://stoobb.nl/408wovgJL
Malware/Riskware on System,hxxp://sem-komplekt.ru/GSwcxHi
Malware/Riskware on System,llkkjjhhg[.]com
Malware/Riskware on System,hxxp://duwyernsdjfnssla[.]com/VRE/kotner.php?l=kueta2.pas
Malware/Riskware on System,hxxp://duwiurwoxoqwiew.com/VRE/kotner.php?l=kueta3.pas
Malware/Riskware on System,hxxp://duwyernsdjfnssla[.]com/VRE/kotner.php?l=kueta4.pas
Malware/Riskware on System,hxxp://iwoeiwuqyeqiwakw[.]com/VRE/kotner.php?l=kueta4.pas
Malware/Riskware on System,duwiurwoxoqwiew[.]com
Malware/Riskware on System,download.drp[.]su
Malware/Riskware on System,hxxp://peekaboorevue.com/0B5WOLOKFg
Malware/Riskware on System,hxxp://atgmail.net/Jj6SClPro
Malware/Riskware on System,hxxp://krever.jp/njwxGImMd
Malware/Riskware on System,hxxp://gabrielamenna.com/RLDjDvQJw
Malware/Riskware on System,hxxp://desnmsp.com/oEdTUUscJA
Malware/Riskware on System,24.14.188.26
Malware/Riskware on System,hxxp://omlinux[.]com/EjgPh
Malware/Riskware on System,hxxp://circuloproviamiga[.]com/wp-content/themes/5Db8XGz
Malware/Riskware on System,hxxp://spectrumbookslimited[.]com/SawGapld
Malware/Riskware on System,hxxp://www.ultigamer[.]com/wp-admin/includes/QV0VCt
Malware/Riskware on System,hxxp://supermercadoyip[.]com/R
Malware/Riskware on System,hxxp://wuyeqwidkxueiqqo[.]com/MXE/lodpos.php?l=rejo4.xt2
Malware/Riskware on System,hxxp://ogxbody[.]com/EyW
Malware/Riskware on System,hxxp://sbtasimacilik[.]com/H3PmH
Malware/Riskware on System,hxxp://immenow[.]com/cKoJs
Malware/Riskware on System,hxxp://r-web[.]pl/TUyiK6z
Malware/Riskware on System,hxxp://pangeamt[.]com/a4ov
Malware/Riskware on System,hxxp://jcstudio[.]com[.]my/EN_US/Documents/09_18
Malware/Riskware on System,hxxp://louisianaplating.com/18Ge0wDF
Malware/Riskware on System,hxxp://stonehouse.me.uk/AlvUfSm
Malware/Riskware on System,hxxp://peakperformance.fit/2TfHVaCdGP
Malware/Riskware on System,hxxp://djsomali.com/z4x6QiEr
Malware/Riskware on System,hxxp://maquettes.groupeseb.com/Lf01Lq4ZSS
Malware/Riskware on System,201.111.8.75
Malware/Riskware on System,190.147.53.140
Malware/Riskware on System,hxxp://luxeestateslifestyles[.]com/Y
Malware/Riskware on System,hxxp://persiapet[.]net/lEu5S
Malware/Riskware on System,hxxp://store[.]bmag[.]vn/vuy
Malware/Riskware on System,hxxp://psdesignzone[.]com/Pw33lZ2
Malware/Riskware on System,hxxp://paramountmemories[.]com/CDP
Malware/Riskware on System,hxxp://luxeestateslifestyles[.]com/y
Malware/Riskware on System,hxxp://store.bmag[.]vn/vuy
Malware/Riskware on System,74.195.12.152
Malware/Riskware on System,172.245.10.114
Malware/Riskware on System,hxxp://goldenyachts.customexposure.tech/wp-content/uploads/e
Malware/Riskware on System,hxxp://omnigroupcapital.com/poVNoK
Malware/Riskware on System,hxxp://marindofacility.co.id/zErEGbN
Malware/Riskware on System,hxxp://icexpert.net/bMHUCW
Malware/Riskware on System,hxxp://puuf.it/Cv4Y2
Malware/Riskware on System,hxxp://wuyeqwidkxueiqqo[.]com/MXE/lodpos.php?l=rejo5.xt2
Malware/Riskware on System,45.33.90.169
Malware/Riskware on System,getapp.elemonopy[.]com
Malware/Riskware on System,bonefreeze[.]com
Malware/Riskware on System,hxxp://emporioflorianopolis.com.br/multimedia/AH3dB5Y2h
Malware/Riskware on System,hxxp://www.xianjiaopi.com/DTWn8HR6e
Malware/Riskware on System,hxxp://ufindit.com.au/yO47HFVs
Malware/Riskware on System,hxxp://www.lidersahtebalik.com.tr/44v1qfZIhA
Malware/Riskware on System,hxxp://wpcouponsite.com/dttLyRtF
Malware/Riskware on System,hxxp://201.233.81.143/
Malware/Riskware on System,hxxp://81.134.0.41:8080/
Malware/Riskware on System,hxxp://187.250.60.214/
Malware/Riskware on System,hxxp://72.181.91.254:8080/
Malware/Riskware on System,hxxp://149.202.160.202:8080/
Malware/Riskware on System,hxxp://h2812932937292sjshskz[.]com/MXE/lodpos.php?l=yows1.xt2
Malware/Riskware on System,hxxp://217.182.231[.]43/lodpos.php
Malware/Riskware on System,hxxp://216.189.151.181/26p2oqu6gn[.]exe
Malware/Riskware on System,hxxp://hollywoodgossip[.]biz/GpyDtTIIO1
Malware/Riskware on System,hxxp://charpentier-couvreur-gironde[.]com/2Agu5kOrh7
Malware/Riskware on System,hxxp://surprise-dj-team[.]com/2Atuefrxm
Malware/Riskware on System,hxxp://spektramaxima[.]com/IXx8GGy
Malware/Riskware on System,hxxp://dc.amegt[.]com/wp-content/QNhKWYE
Malware/Riskware on System,coffemokko[.]com
Malware/Riskware on System,lifespanfitness[.]com
Phishing,hxxp://jawaanw[.]com/wp-includes/js/office/365/gsuite/gsuite/secure/index.php
Phishing,hxxps://storage.googleapis[.]com/onedrive-predistinguish-702812361/index.html
Phishing,hxxps://searchurl[.]bid/messagecenter000111/finish30.php
Phishing,hxxps://minamin-junko[.]info/admin/include/11/index.php
Phishing,hxxp://thepeacefulmarketer[.]bid/.love/A2/?ub=mike.maher@spiritaero.com
Phishing,hxxp://thepeacefulmarketer[.]bid/Smileys/.file/A2/index.php?ub=keith.carmichael@spiritaero.co
Phishing,hxxp://uncleoscar[.]com/ygsd/adobee/adobe.php
Phishing,hxxp://canningvalebusinessbuilders[.]com[.]au/
Phishing,hxxps://alven-sa[.]com.ar/closing/office/
Phishing,hxxps://apppostpaid[.]com/
Phishing,hxxps://oceanictech[.]top/languages/finished/index.php
Phishing,hxxps://withuard[.]gq/
Phishing,hxxps://talkmemores[.]info/tfcx/index.php?fire=works
Phishing,51cf45f45-billing[.]com
Phishing,hxxp://accsrequidsatsl[.]com/
Phishing,hxxp://tozoleaummaires[.]com:443
Phishing,hxxps://mwemaafricasafaris[.]com/wp-content/wwpp22/h8eJ5oaat/NMyBgMxeW/LCQ3LGbXJdb/vwZL58Rka/bm2aiXMjSC/Sg5imk4NjV/d5ZGdE28CDD/QnYrGchFgz/LmdwNpBHd6k/index.htm
Phishing,hxxps://lannilakhacnuanhunmanhhodoa-heptahedral-roundabout.mybluemix[.]net/viaowiqo/vp4OJ-signin-5miles/9I19Ki4P
Phishing,hxxps://sylykaoyaha[.]info/adadx/?mad=htmledit
Phishing,hxxps://unhunena[.]info/adadx/?mad=htmledit
Phishing,hxxp://www[.]cabinetdiouri[.]com/backup/2/fonctions/Outlook/index.php
Phishing,hxxps://nunt2[.]usa[.]cc:443
Phishing,hxxps://weevoxsound[.]com/re.php
Phishing,hxxps://bawaberita[.]com/hghggk/office_micro/login/office/
Phishing,hxxp://recommendedforall[.]org/freedomforme/Googledoc
Phishing,hxxps://sysmark[.]com[.]br/tmp/finished/index.php
Phishing,hxxps://myprevexpoogd.co[.]uk/Shoppas/Ride/archive/
Phishing,hxxps://protect-us.mimecast.com/s/SopHCKrYZYC2A8kMiMMjOF?domain=bifurcate-splashes.000webhostapp.com
Phishing,hxxp://aromabel[.]com[.]ar/
Phishing,hxxps://efiyo[.]com/file/document
Phishing,hxxps://fbaym[.]com/securemail/index.php?email=
Phishing,hxxp://www[.]ustechsupport[.]com/
Phishing,hxxps://bluestarhosting[.]net/confijjjjr/re.php
Phishing,hxxps://courage2care[.]net/nnrhhjgj/office_micro/login/office
Phishing,hxxp://jpchoices[.]com/auth/BOAlastest/login.php
Phishing,hxxp://karphomes[.]com/wabRedo/webredo.php
Phishing,hxxp://webconnect.karphomes[.]com/Maxfiles.loaded/
Phishing,hxxps://bpllplawfirm[.]com/
Phishing,hxxps://tuyrb[.]ml/shipping/maersk/index.php
Phishing,hxxp://bodegold[.]date
Phishing,hxxp://dilitang[.]date
Phishing,hxxps://missbasket[.]net/ss/sw/
Phishing,hxxp://forme[.]twilightparadox.com/5b5b5d9eb4d87H3d4EHrsgA
Phishing,hxxps://ntyrfter[.]co[.]uk/FIRSTAMERICA/office_micro/login/office/
Phishing,melit[.]biz/aerospirit/mic/processor.php
Phishing,hxxp://moonmaroon[.]com/images/secure/index.php
Phishing,174.127.119.210
Phishing,hxxp://adminhelp[.]ulcraft.com
Phishing,185.165.123.4
Phishing,hxxps://xses[.]info/php/EXEL/
Phishing,66.206.46.81
Phishing,hxxp://boaalaw[.]com/capital/law
Phishing,hxxps://www.xwes[.]info/auths/sam2.aspx
Phishing,hxxps://www.kieznetz[.]info
Phishing,hxxp://vigilantsys[.]co.ke/foldie/ofiice/office/login.php
Phishing,162.144.67.83
Phishing,hxxps://northcare[.]solutions/Thursday/ssl-v.1/
Phishing,hxxps://dunlatoparoa-presufficient-exec[.]mybluemix.net/ozipao/
Phishing,169.54.245.69
Phishing,hxxps://help-mkjjjjjj[.]cf/
Phishing,hxxps://www.redfarmacalama[.]cl/wp-includes/new/business
Phishing,hxxp://andersen2018[.]com/3438934dc84b9250bf1413c4e52aecfa/
Phishing,hxxps://rlamzo[.]org/cac/db
Phishing,hxxp://ghoshexim[.]com/cac/db/
Phishing,hxxps://keepcallingu[.]info/rtyh/index.php?cardio=exercise
Phishing,hxxps://undualpropals[.]ga/
Phishing,hxxps://www.corneroffice.co[.]in/newsletter/
Phishing,192.254.188.69
Phishing,hxxps://dhaligroupbd[.]com/log/docc/docusi
Phishing,hxxp://bonanza[.]cl/
Phishing,hxxp://imqrmnczhlweqpt[.]usa[.]cc/wp-include/
Phishing,hxxps://ofinsen[.]com/payout/
Phishing,146.112.61.108
Phishing,hxxps://aswadinvestment.co[.]ke/qazss/
Phishing,hxxps://newroad[.]gq/kl/one/
Phishing,166.62.45.59
Phishing,hxxps://decksscholach.ga/surf3[.]php?user2=ml-suspicious@sbgtv.com
Phishing,hxxps://gst-ingenieros[.]com/rt/one/
Phishing,hxxp://endtimesng[.]org/wp-update/cgibin/jwexle/index.php?
Phishing,hxxp://take-your-prize[.]cf/css/upgrade/
Phishing,hxxps://www.liteflashhelp[.]trade/
Phishing,hxxps://cdn.opendld[.]net/
Phishing,hxxp://lp.boostmac[.]download/cnsn/1/
Phishing,hxxp://microsoft.0ffice365.2020mode[.]com/mcroft/
Phishing,civicbeatssedan[.]info/qwsa/index.php?youth=arena
Phishing,93.157.63.189
Phishing,hxxp://ud6j08kz3fo7h20yy2mg[.]epizy.com/
Phishing,hxxp://adepafm[.]com/
Phishing,hxxps://datedcodings[.]com/office/
Phishing,hxxp://hmtaxrevs[.]co.uk.ref9043030spacepoint3e23.mistonedcraz.com/login/
Phishing,hxxps://onedrive[.]godaddysites.com
Phishing,hxxp://bookmystuff[.]co.in/invoicecopy/hdrive/DRIVE/ertyo
Phishing,hxxp://jnas[.]na.am/one/onedrive/
Phishing,hxxp://hooghlyonline[.]in/direct/online/12/index.php
Phishing,hxxps://goabeachlife[.]info/edcx/index.php?arynews=percentage
Phishing,hxxp://justyatra[.]com/txt/92511e64398856644de41dde17570294/
Phishing,hxxps://sbil[.]biz/kg/@%23%25!!%23%25$
Phishing,hxxp://www.trevorconnors[.]com/wp-includes/Requests/Response/
Phishing,hxxps://maitlanede[.]cf/Merryshop/CBEdited/CBEdited/CBEdited/shop&earn.htm
Phishing,hxxps://drayconstruction[.]com/assets/hits/arc/index.php
Phishing,hxxps://kerstensantiques-my[.]sharepoint[.]com
Phishing,hxxps://redscells[.]flu[.]cc/ordersecure/eimprovement/index.php
Phishing,hxxps://vranwraf[.]bid/file/docusign/docusign/
Phishing,hxxps://kerstensantiques-my.sharepoint[.]com/
Phishing,hxxps://greens[.]nut.cc/account-verification/
Phishing,hxxps://phxfreight[.]com/fumr
Phishing,hxxps://xclusivedevelopers[.]com/qaz/@$@@!$
Phishing,hxxps://3kreatif[.]tk/WeTransfer/vice/Office/Login/
Phishing,hxxps://saisportswearltd[.]co.ke/Office365N/CD3HUD/newpage/account
Phishing,hxxps://zipporehna[.]info/dfvc/
Phishing,hxxps://vewbnj[.]com/admnone/onente/admnshp
Phishing,shorturi[.]win
Phishing,hxxps://almagdpharma[.]com/u9/login/$%25%5E&@@%23/tk/login.php
Phishing,air45[.]duia[.]eu
Phishing,hxxp://stolpenconsulting[.]com/QAjZrH6
Phishing,hxxp://www.fps-enp[.]com/office365s/
Phishing,hxxp://ysd63[.]com/xw0jDX
Phishing,hxxp://exclusiv-residence[.]ro/IuWn6
Phishing,hxxp://leizerstamp[.]ir/zqiQcpE
Phishing,hxxp://firstchoicetrucks[.]net/kCV0l
Phishing,hxxp://olsenelectric[.]com/zVz4iwC
Phishing,hxxp://ovstor[.]space/ZCcns6R8/upPYZXJ-5bmsQxwPi/m/h9L/g/
Phishing,hxxp://ovstor[.]space/YChf/uZ/PTb/VgL/3/-evQxcHoB1/HcA
Phishing,hxxps://megabasez[.]info/xcde/index.php?highway=jump
Phishing,hxxps://megabasez[.]info/edcx/
Phishing,hxxps://adakokosar.weltechin[.]com
Phishing,hxxp://estudioalm.com[.]uy/wp-furniture1/
Phishing,hxxps://gshort12[.]000webhostapp.com/new_now/
Phishing,hxxps://dequpnet[.]cf/danilas/oneee
Phishing,hxxps://choldengs[.]gq/scholes/oneee/
Phishing,hxxps://le-cid[.]org/cgi/six/
Phishing,hxxps://redcosb[.]com/create/invoice/aproval/s/shared/index/index.php
Phishing,hxxp://parallelintegration[.]org/protect/protected/X3D/
Phishing,hxxps://sysmark.com[.]br/bccccccccc/businessfiless/index.php
Phishing,hxxps://elkgm[.]com/029092/vmnl/mvm
Phishing,hxxp://dropbox.com.register.document.dropbox.com.register.document.dropbox.com.register.document.dropbox.com.register.document.ziaeco[.]com/Dropbox/doc-login/
Phishing,hxxp://www[.]lyndochparish.com[.]au//wp-includes/fonts/wellsfargo.html
Phishing,hxxps://accounts-serives[.]me/fm/docg/doc/filewords/index.php
Phishing,hxxp://d3od.ddns[.]net/
Phishing,hxxps://huyt.hopto[.]org/D3D/
Phishing,hxxp://cloudserv[.]gq/
Phishing,hxxps://roanus[.]ga/confirm-data/?username=abraet@iowamutual.com
Phishing,hxxp://ddf3.ddns[.]net/
Phishing,hxxps://66yyy.ddns[.]net/D3D/
Phishing,hxxps://chicottada.com[.]ve/edgewater/share/
Phishing,hxxp://sekretarispro[.]com/AD/index.html
Phishing,hxxp://kalaniketanbalvidyalaya[.]com/js/1/login/office/
Phishing,hxxps://makingoffice[.]ml/redirect.php
Phishing,hxxps://dailyconnect[.]website/properties/cgi/index.php
Phishing,hxxp://facebook-login[.]acrbgov.org/f/?id=muDr
Phishing,hxxp://quantum9[.]kozow.com/v5oqmzs8i1efvi6jhdny
Phishing,hxxps://officeservice-data365inc[.]com/*%26%23*%26*!%20%20%26!/office365/
Phishing,hxxp://mrr.eddiescherries[.]com/
Phishing,hxxp://zet.wenchmolts[.]com/update_flash_player.php
Phishing,hxxp://interior-agency[.]de/uiopl/
Phishing,hxxps://x[.]co/Urb2a67b
Phishing,hxxps://intenalco.edu[.]co/bd/surelevels/
Phishing,hxxp://mpnz25a922a7512aa[.]kozow[.]com/fr5h9xwgzf
Phishing,hxxp://mpnz25a922a7512aa[.]kozow[.]com/9gczj8hzcs
Phishing,hxxp://mpnz25a922a7512aa[.]kozow[.]com/b33zusyxxo
Phishing,hxxp://manuelsuzuki[.]in.net/nsw/data/
Phishing,hxxps://adobepdfclaimsshare[.]com/tgzip/tgzip/index.php
Phishing,hxxps://leerael[.]co[.]za/protecfire/admin/login.microsoftonline.com
Phishing,hxxps://cables[.]ipq[.]co/.cablesipq/.home/
Phishing,hxxps://dinerkado[.]be/Office/office_micro/login/office
Phishing,hxxp://www[.]dashboardonlinepro.com/read/nyt/
Phishing,hxxps://extrawebsecurirty[.]online/datasync2/share
Phishing,hxxps://rushberryfruitz[.]info/zxcvb/index.php?dragoon=bubblebee
Phishing,hxxp://indofurnicraft[.]com/hyde/Docusign/
Phishing,hxxps://ecoklimalex[.]at/index/onedri/one/index.php
Phishing,hxxps://www.adarkstormiscoming[.]com/SiteSolutionsGroupLLC/OneDrive/0992/
Phishing,hxxps://okunowcanordezz[.]info/yujh/index.php?xperia=lexus
Phishing,hxxps://nsydkf[.]com/vm/vmailonmessage/onenewmessage/voiceroute/wavv/incorrect.php
Phishing,hxxps://storage.googleapis[.]com/servingwebsitesecuredservingwebsitesecured/index.htm
Phishing,hxxps://bxcszw[.]com/mmm/vmn/vmm
Phishing,hxxps://wagonrcarnot[.]info/cvfds/index.php?backstreet=sports
Phishing,hxxp://about-purchase-765[.]com/
Phishing,hxxps://hisartgroup[.]in[.]net/Arista/Folder/Shared/OneDrive/
Phishing,hxxp://www.ironwood-ind[.]com/wp-admin/js/Dcssl/docu/a/
Phishing,hxxps://signsas[.]com/dr
Phishing,hxxps://sooke-my[.]sharepoint[.]com/
Phishing,hxxps://bkozozasairqi-unspatial-whangdoodle[.]eu-gb[.]mybluemix[.]net/bzca/
Phishing,finopaos[.]ga
Phishing,hxxps://phoenixplus[.]xyz/true/
Phishing,hxxps://sooke-my.sharepoint[.]com/:b:/g/personal/cmccrea_sooke_ca/ETAOwyYzDq1AviQVL_uuTlUB8RlSE3uyyxC1b656AGJfMQ?e=TEaNMs
Phishing,hxxps://bkozozasairqi-unspatial-whangdoodle.eu-gb.mybluemix[.]net/
Phishing,hxxps://grabafan[.]com/wp-accesss35/One-Drives/wp-include/One-Drive/
Suspicious Logins,104.236.231.33
Suspicious Logins,197.210.45.127
Suspicious Logins,78.153.148.23
Suspicious Logins,77.234.46.238
Suspicious Logins,185.56.235.248
Suspicious Logins,167.99.224.50
Suspicious Logins,197.210.52.54
Suspicious Logins,168.253.114.197
Suspicious Logins,146.185.140.224
Suspicious Logins,178.128.173.47
Suspicious Logins,146.185.144.53
Suspicious Logins,165.227.236.146
Suspicious Logins,159.65.137.131
Suspicious Logins,184.212.143.159
Suspicious Logins,41.58.78.43
Suspicious Logins,178.62.213.181
Suspicious Logins,197.210.10.11
Suspicious Logins,197.210.52.63
Suspicious Logins,192.241.155.238
Suspicious Logins,178.128.174.255
Suspicious Logins,146.185.138.141
Suspicious Logins,104.131.32.86
Suspicious Logins,178.128.164.110
Suspicious Logins,198.199.67.54
Suspicious Logins,107.170.239.61
Suspicious Logins,41.190.18.66
Suspicious Logins,178.62.8.236
Suspicious Logins,138.68.181.202
Suspicious Logins,197.210.54.117
Suspicious Logins,159.203.61.231
Suspicious Logins,178.128.209.216
Suspicious Logins,159.89.114.182
Suspicious Logins,105.112.23.18
Suspicious Logins,5.62.43.39
Suspicious Logins,167.99.196.125
Suspicious Logins,197.210.54.107
Suspicious Logins,184.212.17.109
Suspicious Logins,67.205.183.163
Suspicious Logins,160.152.25.225
Suspicious Logins,181.36.5.50
Suspicious Logins,159.89.202.49
Suspicious Logins,165.227.56.45
Suspicious Logins,159.89.145.247
Suspicious Logins,159.65.148.124
Suspicious Logins,197.156.241.240
Suspicious Logins,159.89.102.13
Suspicious Logins,169.239.194.146
Suspicious Logins,165.227.173.58
Suspicious Logins,107.170.205.145
Suspicious Logins,138.197.144.140
Suspicious Logins,41.180.0.158
Suspicious Logins,righteye88101@gmail[.]com
Suspicious Logins,197.211.59.162
Suspicious Logins,139.59.168.206
Suspicious Logins,45.55.169.78
Suspicious Logins,197.210.45.28
Suspicious Logins,169.239.194.185
Suspicious Logins,142.93.0.66
Suspicious Logins,167.99.172.135
Suspicious Logins,105.112.17.236
Suspicious Logins,197.210.54.95
Suspicious Logins,212.100.79.80
Suspicious Logins,77.234.46.240
Suspicious Logins,169.239.193.77
Suspicious Logins,41.58.222.217
Suspicious Logins,178.128.175.93
Suspicious Logins,167.99.187.83
Suspicious Logins,197.210.44.161
Suspicious Logins,197.210.226.58
Suspicious Logins,41.58.200.156
Suspicious Logins,41.190.2.11
Suspicious Logins,196.52.39.2
Suspicious Logins,104.200.159.72
Suspicious Logins,169.159.117.225
Suspicious Logins,41.190.2.115
Suspicious Logins,172.83.40.115
Suspicious Logins,172.98.84.174
Suspicious Logins,105.112.32.56
Suspicious Logins,159.89.134.108
Suspicious Logins,192.241.219.31
Suspicious Logins,173.244.44.58
Suspicious Logins,41.58.77.212
Suspicious Logins,173.239.232.146
Suspicious Logins,120.52.73.174
Suspicious Logins,169.53.164.127
Suspicious Logins,160.152.37.1
Suspicious Logins,184.212.249.216
Suspicious Logins,159.65.46.191
Suspicious Logins,173.244.44.27
Suspicious Logins,199.116.115.145
Suspicious Logins,192.111.142.145
Suspicious Logins,196.52.39.34
Suspicious Logins,199.116.115.143
Suspicious Logins,184.212.103.16
Suspicious Logins,138.197.164.215
Suspicious Logins,107.181.191.36
Suspicious Logins,104.236.228.237
Suspicious Logins,5.62.59.26
Suspicious Logins,107.181.176.98
Suspicious Logins,169.239.192.7
Suspicious Logins,93.84.146.55
Suspicious Logins,107.152.98.82
Suspicious Logins,197.242.242.2
Suspicious Logins,181.67.2.99
Suspicious Logins,197.210.44.147
Suspicious Logins,173.115.167.79
Suspicious Logins,197.211.61.16
Suspicious Logins,67.205.181.62
Suspicious Logins,176[.]16[.]0[.]0/19
Suspicious Logins,129.56.141.206
Suspicious Logins,129.56.141.93
Suspicious Logins,178.128.168.232
Suspicious Logins,197.156.241.248
Suspicious Logins,41.242.0.62
Suspicious Logins,159.89.166.176
Suspicious Logins,206.81.3.234
Suspicious Logins,174.138.56.241
Suspicious Logins,162.243.51.250
Suspicious Logins,137.59.252.226
Suspicious Logins,172.98.77.235
Suspicious Logins,199.116.118.231
Suspicious Logins,77.234.46.219
Suspicious Logins,173.239.232.34
Suspicious Logins,105.112.112.17
Suspicious Logins,154.66.52.190
Suspicious Logins,41.58.123.70
Suspicious Logins,192.241.225.111
Suspicious Logins,167.99.187.178
Suspicious Logins,198.8.84.236
Suspicious Logins,162.243.140.30
Suspicious Logins,107.170.243.224
Suspicious Logins,77.234.46.164
Suspicious Logins,41.190.30.72
Suspicious Logins,162.243.19.168
Suspicious Logins,154.160.0.180
Suspicious Logins,37.46.114.69
Suspicious Logins,105.112.23.116
Suspicious Logins,197.255.166.10
Suspicious Logins,173.244.44.68
Suspicious Logins,165.227.187.79
Suspicious Logins,192.241.221.241
Suspicious Logins,159.89.181.169
Suspicious Logins,212.100.94.57
Suspicious Logins,197.210.64.12
Suspicious Logins,162.243.14.249
Suspicious Logins,165.227.47.137
Suspicious Logins,173.239.230.34
Suspicious Logins,205.185.193.197
Suspicious Logins,197.242.115.13
Suspicious Logins,154.120.115.10
Suspicious Logins,173.245.202.210
Suspicious Logins,41.190.14.218
Suspicious Logins,184.212.60.228
Suspicious Logins,198.8.93.32
Suspicious Logins,197.211.60.58
Suspicious Logins,138.68.6.15
Suspicious Logins,41.190.3.158
Suspicious Logins,167.99.103.238
Suspicious Logins,41.58.75.20
Suspicious Logins,41.58.99.175
Suspicious Logins,159.89.193.118
Suspicious Logins,107.152.104.211
Suspicious Logins,173.239.232.17
Suspicious Logins,178.62.221.111
Suspicious Logins,178.128.93.124
Suspicious Logins,178.128.45.180
Suspicious Logins,173.239.232.159
Suspicious Logins,159.65.117.143
Suspicious Logins,192.168.0.29
Suspicious Logins,41.58.91.226
Suspicious Logins,197.156.241.248
Suspicious Logins,197.156.241.249
Suspicious Logins,197.58.113.117
Suspicious Logins,198.199.118.169
Suspicious Logins,41.190.30.196
Suspicious Logins,159.89.236.167
Suspicious Logins,41.138.169.86
Suspicious Logins,205.185.223.215
Suspicious Logins,159.65.148.109
Suspicious Logins,104.131.173.61
Suspicious Logins,104.200.135.125
Suspicious Logins,212.100.80.47
Suspicious Logins,41.190.30.90
Suspicious Logins,5.62.63.55
Suspicious Logins,159.89.173.108
Vishing,hxxp://isnotgoingto[.]tk/index/?1641501770611
Vishing,hxxp://johnwilkescame[.]tk/index/?ZvfTQ5
Vishing,hxxp://system-alert-immediate-responder-online[.]ga/alert/ch/
Vishing,hxxp://loprfgtedsa[.]tk
Vishing,hxxps://coding09-info[.]cf
Vishing,hxxp://superhubstar[.]info/index.php
Vishing,hxxp://developat[.]online/chrome_win/
Vishing,hxxp://159.65.46[.]130/
Vishing,allhelps24x7[.]online
