org,n
Spectrum,781
Comcast Business,458
Spectrum Business,386
Airtel Broadband,362
Comcast Cable,313
Vodafone Romania,198
Cablevision Argentina,187
Cox Business,179
Orange Polska,174
Bell Canada,164
Pocketinet Communications,149
RCS & RDS Business,144
UNE,139
Telmex Colombia S.A.,134
Shaw Communications,133
MPInet,129
Bharti Airtel,121
CenturyLink,116
Orange,116
Optimum Online,112
Telus Communications,104
Netvigator,102
Gorge Networks,100
Rogers Cable,99
Videotron Ltee,96
Cable Onda,91
Telekom Austria,91
Telmex,91
Frontier Communications,80
Cogeco Cable,79
TOT,76
AT&T U-verse,75
Verizon Fios Business,72
OpenIP SAS,71
Bharti Broadband,69
Suddenlink Communications,69
Administracion Nacional de Telecomunicaciones,66
HiNet,64
AT&T Internet Services,59
Hong Kong Broadband Network,57
Philippine Long Distance Telephone,55
Telefonica de Espana Static IP,53
TDC Danmark,52
WTT Hong Kong,52
Verizon Fios,50
Nte Marked As,48
SaskTel,48
Telenet N.V.,47
Telefonica de Argentina,46
COTAS,44
Magyar Telekom,44
Netia SA,44
T-Mobile Czech Republic,44
Vectra Broadband,41
Americatel Peru S.A.,40
CYTA,40
Salzburg AG,40
Verizon Internet Services,38
Axtel,37
Telecom Italia Business,37
OTEnet S.A.,36
Telefonia Celular de Nicaragua SA.,36
Bezeq International,35
RCS & RDS,35
Mediacom Cable,34
SFR,33
Armstrong Cable Services,32
UPC Austria,32
Signet B.V.,31
Cable One,30
AT&T Services,29
CMC Telecom Infrastructure Company,29
RCS & RDS Residential,29
Netlife,28
PenTeleData,28
Vietnam Posts and Telecommunications(VNPT),28
Telecom Argentina S.A.,27
CAT Telecom public company Ltd,26
City of Morganton,26
Telstra Internet,26
NSS S.A.,25
TeliaSonera AB,25
WideOpenWest,25
Cantv,24
Cox Communications,24
EastLink,23
OpenIP S.L.,23
T-Mobile Austria GmbH,23
Vodafone Italia DSL,23
Cable & Wireless Panama,22
ETB,22
Globe Mobile,22
A1 Bulgaria,21
Swisscom,21
Vodafone Ireland,21
DIGI Tavkozlesi es Szolgaltato Kft.,20
Korea Telecom,20
BT,19
Digital Comunications De Mexico SA De Cv,19
OpenIP Labs SARL,19
Telefónica Celular de Bolivia S.A.,19
Tele2 SWIPnet,18
Vivo,18
VTX Services SA,18
013 NetVision,17
Andorra Telecom Sau,17
Atlantic Broadband,17
RCN,17
Telefonica del Peru,17
Telia Company,17
Telia Eesti,17
True Internet,17
Astra2Connect Customer Premises Equipment,16
Deutsche Telekom AG,16
UPC Romania SRL,16
Tekgem (UK) Ltd,15
TekSavvy Solutions,15
Telecom Italia,15
Telekom Romania Communication S.A,15
Edatel S.A. E.s.p,14
Fastweb,14
HGC Global Communications Limited,14
Leonix Telecom Network,14
Movistar Colombia,14
NET Virtua,14
Networx-Bulgaria Ltd.,14
UPC Polska,14
Virgin Media,14
Wind Hellas Telecommunications SA,14
AAPT Limited,13
China Telecom Guangdong,13
FLOW,13
O2 Czech Republic,13
Romtelecom Data Network,13
T-2 Access Network,13
Telebec,13
Vivacom,13
Vodafone DSL,13
Airtel Kenya,12
Allstream Corp.,12
Cogent Communications,12
Invitech Megoldasok Zrt.,12
LANline Communications,12
Telefonica de Espana,12
TIGO COLOMBIA,12
UPC ROMANIA,12
Verizon Wireless,12
Ziggo,12
aamra networks limited,11
Antietam Broadband,11
Bell Aliant,11
Emirates Telecommunications Corporation,11
Entel Chile S.A.,11
Interbel Telephone Cooperative,11
Level 3 Communications,11
Midco,11
NET1 Ltd.,11
"Telia Lietuva, AB",11
UPC Magyarorszag,11
"A1 Slovenija, d.d.",10
BSNL,10
Cablecolor S.A.,10
Fairpoint Communications,10
Get AS,10
Granite Telecommunications LLC,10
Multimedia Polska S.A.,10
Orange-ca,10
Palestine Telecommunications Company (PALTEL),10
Plusnet,10
Vianet,10
Cable Tica,9
China Telecom Shanghai,9
Comteco Ltda,9
Cotas Ltda.,9
Daisy Communications Ltd,9
Entel S.A. - EntelNet,9
Grupo ICE,9
Ifx Networks Colombia,9
izzi,9
Private Joint Stock Company datagroup,9
Radiant Communications,9
Rise Broadband,9
SEWAN SAS,9
T-mobile Polska,9
Telecentro S.A.,9
Telecom Personal,9
tw telecom holdings,9
3BB Broadband,8
AXS Bolivia S. A.,8
BTC Broadband Service,8
Bulsatcom EAD,8
Fullrate,8
High Desert Internet Services,8
Lasotel SAS,8
Megacable,8
Metrored S.A. De C.v.,8
Totalplay,8
Universidad Autonoma de la Laguna,8
Versatel Deutschland,8
Viettel Group,8
VIS,8
Vodafone Ono,8
VTR Banda Ancha S.A.,8
Xplornet Communications,8
Altibox AS,7
AT&T Wireless,7
Bahnhof AB,7
Bell MTS,7
BH Telecom d.d. Sarajevo,7
CableAmerica Corp,7
Columbus Communications Trinidad Limited.,7
Consolidated Telcom,7
Cooolbox SA,7
Digital Comunitation,7
Eir Broadband,7
Euskaltel S.A.,7
FPT Telecom Company,7
Grande Communications,7
JSC Kaztranscom,7
JSC Silknet,7
Netia Telekom SA,7
RADIOKOMUNIKACE a.s.,7
SDN Communications,7
StarHub,7
Stichting GlasLokaal,7
Techcrea Solutions SARL,7
Transtelco,7
Vodafone Spain,7
Wan-adsl-sdsl,7
Xefi Lyon SAS,7
Adenis SARL,6
"Alestra, S. de R.L. de C.V.",6
Buckeye Cablevision,6
Claro Ecuador,6
Ctc. Corp S.A. (telefonica Empresas),6
Digicel Jamaica,6
Dravanet Co Ltd.,6
Eniig Fiber A/S,6
EOLO S.p.A.,6
Fluvius System Operator CVBA,6
Hotwire Business Solutions,6
JSC Kazakhtelecom,6
KPN,6
Kyivstar PJSC,6
Lanet Network Ltd,6
Logix,6
Monaco Telecom,6
Neterra Ltd.,6
NGI SpA,6
PJSC Ukrtelecom,6
PON Services,6
Sogetel,6
TDS Telecom,6
TENET Scientific Production Enterprise LLC,6
Total Highspeed LLC,6
United Telecommunication Services (UTS),6
Unitymedia,6
ViDaNet Cabletelevision Provider Ltd.,6
Virgin Media Business,6
Volia,6
Windstream Communications,6
012 Smile,5
AIS Mobile,5
American Data Networks,5
B2B2C,5
Bell Mobility,5
Cable & Wireless Dominica,5
CD-Telematika a.s.,5
China Telecom,5
China Unicom Beijing,5
Community Antenna Service,5
Cooperative de cablodistribution de l'arriere-pays,5
Deutsche Telekom Business,5
"Dial Telecom, a.s.",5
Empresas Municipales De Cali E.i.c.e. E.s.p.,5
Fuse Internet Access,5
Gamma Telecom Limited,5
Hellenic Telecommunications Organization,5
ICPNET Cable,5
KPN B.V.,5
LIWEST Kabelmedien GmbH,5
Mada ALArab LTD,5
Manquehuenet,5
MegaPath Corporation,5
Millicom Cable Costa Rica S.A.,5
Nej.cz s.r.o.,5
New Wave Communications,5
Newcom Limited,5
"NOS Madeira Comunicacoes, S.A.",5
Radiant Communications Canada,5
Reseau Picanoc.net,5
SIA Lattelecom,5
Starnet s.r.o.,5
Telefonica Empresas,5
"Telekom Slovenije, d.d.",5
Telia Finland Oyj,5
TM Net,5
Toya sp.z.o.o,5
Umniah Lil-Hawatef Al-Mutanaqelah Co.,5
UPC Ceska Republica,5
UPC Schweiz,5
WTC Communications,5
Adams CATV,4
Adrress Pool Headend Customers,4
Aic Telecoms SAS,4
ALAJUELA,4
Atlas Communications (NI) Ltd,4
Bouygues Telecom,4
BTC Broadband,4
Cable Bahamas,4
China Telecom Yunnan,4
China Unicom Shanghai network,4
Claro Guatemala,4
Clearwave Communications,4
Cogetel Online,4
Colorado Central Telecom,4
Companhia de Telecomunicacoes de Macau SARL,4
Continuum,4
CPS,4
Dansk Kabel TV,4
Dery Telecom,4
EPB Fiber Optics,4
EWE-Tel GmbH,4
Execulink Telecom,4
Exponential-e,4
fa. Jiri Ouda,4
Free SAS,4
GCI Communications,4
Hawaiian Telcom,4
HK Broadband Network,4
HOTnet,4
INEA Network,4
Init Sys SAS,4
Integra Telecom,4
Intelligent Technologies S.A.,4
Iway AG,4
Jordan Data Communications Company LLC,4
kabelplus GmbH,4
Kyivstar GSM,4
LUMOS Networks,4
"Morris Broadband, LLC",4
Network Access Provider and Internet Service Provi,4
Northwestel,4
Optus,4
Primetel PLC,4
Primus Telecommunications Canada,4
Prolan Ltd.,4
R Cable,4
Routit BV,4
Serveurcom SARL,4
SetarNet,4
Shentel Communications,4
Singtel Fibre Broadband,4
SK Broadband,4
Skylogic S.p.A.,4
Skynet Belgium,4
Slovak Telecom,4
Sri Lanka Telecom,4
Stadtwerke Barmstedt,4
Start Communications,4
SUPERMEDIA Sp.z.o.o.,4
Symphony Communication (Thailand) PCL.,4
Tarr Kft.,4
TEA Ltd.,4
Telmex Argentina S.A.,4
TeraGo Networks,4
TPG Internet,4
TPx Communications,4
Ukrainian Newest Telecommunication Ltd.,4
Universidad Nacional Autonoma de Mexico,4
"Vi Powernet, LLC",4
Viasat Communications,4
Vodafone-panafon Hellenic Telecommunications Compa,4
VOO,4
WiLine Networks,4
YouSee,4
Zen Internet Ltd,4
3S Fibertech Sp. z o.o.,3
3S S.A.,3
A3 Allmanna IT - och Telekomaktiebolaget (publ) AB,3
AIS Fibre,3
All West Communications,3
ANTENNA HUNGARIA Magyar Musorszoro es Radiohirkozl,3
Applied Technology Group,3
Arvig Enterprises,3
Asianet,3
Aureon Network Services,3
"BENESTRA, s.r.o.",3
BKK Digitek AS,3
BLaST Intermediate Unit #17,3
Brantford Hydro/NetOptiks,3
Bredbandsbolaget AB,3
Bristol Virginia Utilities,3
Broadnet AS,3
BTC-Broadband Network,3
Cablenet Communication Systems Ltd,3
Cablevision du Nord de Quebec,3
Casablanca INT,3
Cass Cable TV,3
"Chesapeake Bay Communications, LLC",3
China Unicom Hebei,3
CityNet,3
Clarksville Department Of Electricity,3
Claro Guatemala Static IP,3
Claro S.A.,3
Cogeco Telecom,3
COLT Technology Services Group Limited,3
Columbus Networks de Honduras S. de R.L.,3
Com Hem AB,3
Company with additional responsibility Company BES,3
Consolidated Communications,3
Corporacion Nacional De Telecomunicaciones - Cnt E,3
Cotel Ltda.,3
Croatian Academic and Research Network,3
Direccionamiento clientes,3
DNA Oyj,3
EBOX,3
Elisa Eesti,3
Emirates Integrated Telecommunications Company PJS,3
Euroweb Romania S.R.L.,3
Evergy S.A.,3
EVSL,3
FORTHnet SA,3
GIB-Solutions AG,3
Golden West Telecommunications Coop.,3
Greater Sudbury Telecommunications,3
Gtd Internet S.A.,3
Hardy Telecommunications,3
HK Cable TV,3
Hondutel,3
HookUp Communications,3
Hughes Network Systems GmbH,3
INET Communication,3
Infra ENTREPRISE,3
Inter-Telecom LLC,3
IPACCT Ltd.,3
IPv4 Management SRL,3
ISP MobiNet,3
Kabelsignal AG,3
Karib Cable,3
Linkdotnet-Jordan,3
M1 Connect Pte Ltd,3
Massillon Cable,3
MEO,3
Metronet,3
Movistar Chile,3
Multimedia Polska S. A.,3
Navega.com S.A.,3
Networx-Bulgaria Ltd. Profi-Max users,3
O3Core,3
Orange Mobile,3
Oxford Networks,3
Philippine Long Distance Telephone Company,3
Pine Bluff Cable TV,3
PODA a.s.,3
Private Joint-stock Company farlep-invest,3
Quickline,3
sasag Kabelkommunikation AG,3
SC NextGen Communications SRL,3
Scientific -Industrial Firm Volz Ltd,3
"Servnet Mexico, S.A. de C.V.",3
SiOL d.o.o. (Slovenia Online),3
Skylogic Espana S.L.,3
Solarus,3
Spectrum NET,3
Stadtwerke Woergl GmbH,3
"SWAN, a.s.",3
Syd Energi Bredbaand A/S,3
Telco In A Box,3
Telebucaramanga S.A. E.s.p.,3
Telecom Aset Ltd,3
Telekom Slovenije d.d.,3
Telenor Hungary,3
Telenor Norge AS,3
Telenor Satellite AS,3
TELUS,3
Tigo Paraguay,3
Tiscali SpA,3
TK Telekom sp. z o.o.,3
Toya sp. z o.o.,3
Triolan,3
Truespeed Internet Services,3
Uarnet,3
Univision,3
Visionary Communications,3
Vodafone Australia,3
Vodafone New Zealand,3
VoiceHost Ltd,3
WiBand Communications,3
ZON Tv Cabo,3
ZSR - ZT Bratislava,3
'VAT Podilska telephone company 'Mitel',2
ACE Telecom Kft,2
Agnieszka Jolanta Koczur trading as Fryznet,2
"Airstream Communications, LLC",2
ALFA TELECOM s.r.o.,2
Alphalink,2
Altibox Danmark AS,2
AmberIT Limited,2
Angelsoft ET,2
Asociatia Interlan,2
ATG Arrow Technology Group Limited Partnership,2
"Atlantic Metro Communications, LLC",2
Atlantic Telephone Membership Corp.,2
Atria Convergence Technologies Pvt. Ltd. Broadband,2
Avvio Telecomunicações,2
B2B De Meern,2
B2B Groningen,2
Bahrain Telecommunications Company (BATELCO) B.S.C,2
"BalsamWest FiberNET, LLC",2
Beanfield Technologies,2
Beckman Software Engineering,2
Beyond.pl sp. z o.o.,2
Biddeford Internet Corp,2
Black Fiber Solutions Corporation,2
Blue Sat Servicios Administrados De Telecomunicaci,2
Boomerang Wireless S.A.,2
Bredbaand Nord A/S,2
Bresco Broadband,2
Bristol Tennessee Essential Services,2
Bvnet S.A.,2
Cable Axion Digitel,2
CATV Internet,2
CCT Telecommunications,2
Cerberos s.r.o.,2
CETI s.c.,2
Chickasaw Telephone,2
China Telecom Hubei,2
China Telecom NeiMengGu,2
Cifrova Kabelna Korporacia EOOD,2
CIK Telecom,2
City West Cable & Telephone Corp.,2
Citycom Telekommunikation GmbH,2
Claro Chile,2
Claro Peru,2
Clouditalia Telecomunicazioni S.p.A.,2
Co.pa.co.,2
Columbus Communication Jamaica Limited,2
Columbus Communications Grenada,2
Columbus Networks Colombia,2
Comcel Guatemala S.A.,2
ComX Networks A/S,2
CONECEL,2
Cooperativa Telefonica Del Viso,2
Corporate-Subscriber,2
Cygnet Internet Services,2
Dakota Central Telecommunications Cooperative,2
Dakota Communications,2
Digital Cable Systems SA,2
Dragon Internet a.s.,2
DSI GmbH Daten Service Informationssysteme,2
DTC Communications,2
"e-Tel, LLC",2
Eastern Telecoms Phils.,2
EATEL,2
Eclipse Internet,2
ecotel communication ag,2
Electrosim Srl,2
Elisa Oyj,2
Ellijay Telephone Company,2
Enventis Telecom,2
essensys,2
Exatel S.A.,2
Fibernetics Corporation,2
Field Core Networks,2
Flims Electric AG,2
"Four-U Technologies, LLC",2
G/38 Qala e Mosa Shaheed Square,2
Gemeinde Hohentengen Eb MOKO,2
Grygoriy Chereda,2
Guadalupe Valley Telephone Cooperative,2
Hi3G Access AB,2
Hiawatha Broadband Communications,2
Hill Country Telephone Cooperative,2
Hilton Hotels Corporation,2
HKT Limited,2
HKTNET,2
Home Telephone Company,2
Hope College,2
Hoshin Multimedia Center,2
Hutchison Drei Austria GmbH,2
I Net Bulgaria Eood,2
IFX Corporation,2
"ImOn Communications, LLC",2
InfoLink,2
Infomil S.A.S.,2
Innova Telecom,2
Integra-Media Ltd,2
Integrator Systemow Informatycznych WP SYSTEM S.C,2
Inter Venezuela,2
Internet Access Solutions,2
Internet Business System S.C. J.Ufel J.Skowronski,2
Internet Services,2
IP-Only Networks AB,2
iPlace Internet & Network Services GmbH,2
IPORT LLC,2
iPrimus,2
Irideos S.p.A.,2
itself s.r.o.,2
Jackson Energy Authority,2
JAYNET A/S,2
Jordan Telecom Group (Orange),2
Jordan Telecommunications Company,2
Junta Administrativa del Servicio Eléctrico Munic,2
Kitzbuehler Stadtwerke Cable Provider,2
Kluang-southern,2
LAN SERVICE s.r.l.,2
Latvian Mobile Telephone,2
Limes sp. z o.o.,2
Local Internet Service Company,2
M SAT Cable SA,2
Magnet Networks Limited,2
MAGTCION,2
Mariusz Chmielewski trading as Netfala,2
Marriott International,2
Mauro Daniel Fortini (2F INFORMATICA),2
Maximum-Net LLC,2
MCM Telecom Ltda.,2
Media-Com Sp. z o.o.,2
Megalan Network,2
"Mexico Red de Telecomunicaciones, S. de R.L. de C.",2
Midstate communications,2
mmc kommunikationstechnologie gmbh,2
MTN Cyprus Limited,2
MTS PJSC,2
MVTV Wireless,2
Newroads Telecom,2
NextGenTel AS,2
Nitronet Sp. z o.o.,2
NORTECH,2
North Central Communications,2
NTS Communications,2
Núcleo S.A.,2
Off Campus Telecommunications,2
Online Direct Ltd,2
Orange Espana,2
Orange Romania,2
Osnova-Internet LLC,2
OTN MianowskiegoIII IP assignment,2
OVH Telecom,2
Ownit Broadband,2
Petrotel Sp. z o.o.,2
PrAT Industrial Media Network,2
Premier Communications,2
Procono S.A.,2
PROTONET,2
QSC AG,2
Regus Group Services Ltd,2
Renater,2
Ritter Communications,2
Rocler,2
Rostelecom,2
S-NET Sp. z o.o.,2
S. A. da Silva Junior,2
Sat Film Sp. z o.o. i Wspolnicy Sp. k.,2
Satnet,2
Selectcom Telecom,2
Service SvitOnline Internet in Kiev,2
Serviciul de Telecomunicatii Speciale,2
Ses Astra S.A.,2
Sileman Sp. z o.o.,2
SingNet Pte Ltd,2
Sitel Ltd,2
Skyway West,2
South Dakota Network,2
Southern Telecommunication Company Ltd.,2
Spirit Communications,2
St James School,2
Stadtwerke Konstanz GmbH,2
StarNet Telecom Sp. z o.o.,2
"Stellar Association, LLC",2
Stofa A/S,2
Stratos Communications,2
Synergy Broadband,2
T3 Communications,2
Taiwan Academic Network,2
TB Telecom Sp. z o. o.,2
TDC Group,2
Techtel LMDS Comunicaciones Interactivas S.A.,2
Telecom-Malagasy,2
Telecommunicationcompany Suriname - TeleSur,2
Telecomunication Service Provider Joint Stock Comp,2
"Teledata, Ghana",2
Teledifusora S.A.,2
Telefonica del Sur S.A.,2
Telekom Srpske,2
Telenet N.V. Business Internet,2
Telenor A/S,2
Telenor AB,2
Telenor Business Solution AS,2
Telephone de St-Ephrem,2
TeliaSonera Finland Oyj,2
Telkab sp. z o.o.,2
Tellas S.A.,2
Telplay SL,2
Telus Mobility,2
ThunderWorx Ltd,2
Troy Cablevision,2
TruVista Communications,2
Tv Azteca Sucursal Colombia,2
"UPC Ceska republika, a.s.",2
UPC Internet CATV,2
UPC Magyarorszag Kft,2
UPC NL,2
Ver Tv S.A.,2
Virgin Media Ireland,2
Virgin Mobile,2
Vodafone Faroe Islands,2
Vodafone Kabel Deutschland,2
Voztelecom network,2
Westman Communications Group,2
WestTel,2
Wightman Telecom,2
Xchange Telecom Corp.,2
XF Comunicaciones S.A.,2
XFone,2
XFone 018 Ltd,2
Zachodniopomorski Uniwersytet Technologiczny w Szc,2
ZAP-Angola,2
"Zito Media, L.P.",2
@Home Network Japan,1
101Netlink,1
123.Net,1
"186 Communications, LLC.",1
2COM Co Ltd.,1
3 Rivers Telephone,1
3 Rivers Telephone Cooperative,1
702 Communications,1
A1 Bulgaria EAD DOCSIS NET,1
A1 Hrvatska d.o.o.,1
A3 Foretag AB,1
A3 Sverige AB,1
AB Bostaden,1
"ABAK, Ltd.",1
"Abastecedora de Conectividad, S.A. de C.V.",1
AC-Net Externservice AB,1
Acc-reno Hotel Operating Comp,1
Access Communications,1
AcenTek,1
Acessoline Telecomunicacoes Ltda,1
ACT Broadband,1
Actus S.A.,1
Acurix Networks Pty,1
Adamiak Marzena trading as TRANSSKLAD,1
ADITU,1
"Administradora de Redes, S.A.",1
ADN Telecom,1
Aeronet Wireless,1
Aethernet LLC,1
Africonnect Zambia Ltd,1
Agencia Estadual De Tecnologia Da Informacao - Ati,1
Airnet Telecomunicatii Srl,1
Akomp Systemy Informatyczne,1
Alaska Communications Systems Group,1
Alberta SuperNet Incorporated,1
Alfa Komputer System,1
Allergy Institute,1
Allo Communications LLC,1
"Alternative Choice Wireless, LLC",1
Altice Dominicana S.A.,1
Altsysnet.com SAS,1
AlwaysOn Network Bangladesh,1
American Samoa Telecommunications Authority,1
Amis Telekom d.o.o.,1
Amnet IT Services Pty,1
Amplement Sarl,1
ANETVM s.r.o.,1
ANTIK NAT Customers,1
ANTIK Telecom s.r.o,1
Ao Transtelecom,1
Aridor Assets,1
ARKOM Mucharski Adam,1
Asco TLC S.p.A.,1
ASDASD srl a socio unico,1
Ashland Fiber Network,1
AT&T ITS,1
Athabasca University,1
Autophone of Laredo,1
Axia Connect Limited,1
Axione S.a.s.,1
Ayera Technologies,1
B2B,1
B2B Den Haag - regio Velsen-Noord,1
B2B Landgraaf,1
B2B Zwolle,1
Bahamas Telecommunications Corporation,1
Bahnhof Internet AB,1
Banco Central De La Republica Argentina,1
Banda Ancha Gtd Manquehue,1
Bangladesh Online,1
Basepoint Centres Ltd,1
BCL,1
Bear Technologies Corporation,1
Belcenter Sprl,1
BelgorodNET,1
Belize Telemedia Limited,1
BELPNET,1
Bengal Group Ltd. Nationwide Internet Service Prov,1
Best Audio Video Service,1
BGNet LTD,1
BHN Tampa Bay Division,1
BiConsult Eood,1
Bjerringbro Kabelnet,1
Blast Communications,1
BLC Broadband,1
"BLU, S.A.",1
Blue Stream,1
Bluebird Network,1
Boa Vista Telec. LTDA.,1
Bolignet A/S,1
BorsodWeb Internet Szolgaltato Kft.,1
Bouygues Mobile,1
BRAC BDMail Network,1
BRACNet Limited,1
Brain Services S.A.,1
Brasilsite Telecomunicações Ltda.,1
Bredband2 AB,1
Bredbandsson AB,1
Breedband Nederland B.V.,1
Breitband.ch CableTV Internet,1
Brem Technology Ltda - Me,1
Brennercom S.p.A.,1
Bridge Group Busines Customers,1
Bridge Group Business Customers,1
Brightnet Internet,1
Broad-Connect Telecom,1
Broadband Communications North,1
Broadband VI,1
Bruce Telecom,1
Brutele SC,1
BT Communications Ireland Limited,1
Bulsatcom Mobile,1
ButlerCity2,1
C Spire Fiber,1
C.C.S. (Leeds) Ltd,1
Cable and Wireless (Seychelles) Limited,1
"Cable and Wireless, Turks and Caicos",1
Cablelynx,1
Cablenet S.A,1
Cablevision Red SA de CV,1
CAIW Diensten B.V.,1
CAIW Internet,1
Calgary Free-Net Association,1
Cam-Tel Company,1
"Cameron Communications, LLC",1
"CAMINTEL, National Telecommunication Provider, Phn",1
Canal S SRL,1
Cariari De Pococi,1
Carlos Paz Television SA,1
Cbeyond Communications,1
CEA Telecom - Serviços de Telecomunicações Ltda,1
Celldomolki Kabeltelevizio Kft.,1
Cellkabel,1
Center for Information Technologies Fobos Ltd.,1
Central Utah Telephone,1
CentroNet a.s.,1
Cherryland Services,1
China Mobile,1
China Telecom Guangdong province Dongguan MAN netw,1
China Telecom jiangsu,1
China Unicom Guangdong,1
China Unicom Jiangsu,1
China Unicom Liaoning,1
CHINA UNICOM Shanghai city network,1
China Unicom Tianjin,1
Cilix Software,1
Cisco Systems,1
City of Malmo,1
City of Thomasville Utilities,1
Citycable,1
CJ Hello Internet,1
Claranet Benelux B.V.,1
Claro Dominican Republic,1
Clientes Quito,1
Closed Joint Stock Company Kuzbassenergosviaz,1
Closed Joint Stock Company TransTeleCom,1
CMDNET Internet & Informática Ltda,1
Cn Care Network,1
CNS-Internet,1
CO-ESES2-LACNIC,1
Coastal Telco Services,1
Cobridge Communications,1
Columbus Communications Jamaica Limited,1
Columbus Networks USA,1
Com Net,1
Comcor Service LLC,1
COMFEEL s.r.o.,1
Commstream Communications,1
Comnet Bourgas Gpon Slaveikov,1
ComNet Multimedia Sp. z o.o.,1
Compa#ia Industrial Comercial Hermanos Vicente Srl,1
Companhia Itabirana Telecomunicações Ltda,1
Compania Nationala Aeroporturi Bucuresti SA,1
Comporium,1
Comporium Communications,1
Compton Communications,1
Concepts ICT Holding B.V.,1
Conectiva Telecom Tecnologia Ltda - Me,1
Connected Intelligence Pty,1
CONSULNETWORKS S.A. E.S.P.,1
"Contact Company, Ltd",1
Continuum Online Services,1
Converge ICT Network,1
Coolnet New Communication Provider,1
Coop. de Luz y Fuerza Eléct. Industria y Otros Se,1
COPEL Telecom,1
CoProSys a.s.,1
CoresNET Ltd.,1
Cosmonova LLC,1
COTELCAM,1
County Pump Station,1
"Creatividad Internet Enlaces, S.A. de C.V.",1
Cros.net,1
CS LoxInfo,1
CS Odessa,1
CSC Telecom UAB,1
Ctinet Solucoes Em Conectividade E Informatica Ltd,1
CV-Multimedia,1
Cybernet Communications,1
D&P Communications,1
Dakota Carrier Network,1
Damian Giecko COVERNET,1
Dansk Net A/S,1
Dariusz Michal Lyczko trading as DAR.NET,1
Dat s.r.o.,1
DauTKom TV,1
DCC Asenovgrad,1
DCC Kavarna,1
Deninet KFT,1
DhakaCom Limited,1
Dianabad,1
"Digicel (Panama), S.A",1
Digicel Barbados,1
Digicel Trinidad & Tobago,1
DigiCloud - Pointivity,1
Digital Cable Television ltd,1
Digital Max SA,1
Digital Network Access Communications,1
Digital United,1
Digitec PNG Limited,1
Dilis Grup EOOD,1
DirectLink,1
Diveo Argentina,1
Diyixian.com Limited,1
Djibouti Telecom S.A.,1
DJIBTEL,1
DNS:NET Internet Service GmbH,1
DOLNET GROUP sp. z o.o.,1
Domicilium (IOM) Limited,1
DOMINET Sp. z o.o.,1
Domtel Telecom Dariusz Dombek,1
DP Solutions,1
Dreamteam Network Srl,1
"DSI DATA, a. s.",1
Duarte & Dias Eletroeletronicos Ltda ME,1
"e-Net, s.r.o., customer",1
e-SBL.net Sp. z o.o.,1
E-world Communication Sdn Bhd,1
Eagle Communications,1
East quarters - Iavorov,1
Eastern Irrigation District,1
Echostar Cable Modem Network,1
"Edmonton Public School Board, District No. 7",1
EE High Speed Internet,1
Eesti Telekom,1
Elektrownia Kozienice Spolka Akcyjna,1
Ember AB,1
Empire Access,1
Equatorial Telecomunicações LTDA,1
Equipos Y Sistemas S.A.,1
ERC Broadband,1
ET Internet - Ventzislav Dimitrov,1
Etanetas Uab,1
Etheric Networks,1
Eurofiber Nederland BV,1
Eurofiberpublicip,1
Eutelsat Polska Sp. z o.o.,1
Everywhere Wireless,1
EWA Energie Wasser Aarberg AG,1
Excell Group PLC,1
Exetel,1
Faiba,1
Farmers Mutual Telephone Company,1
FASTER CZ spol. s r.o.,1
Fiber Optic IP Network FREENET,1
Fiberby ApS,1
FiberComm LC,1
Fibernet Direct,1
Fibertech Networks Sp. z o.o.,1
FIBIA P/S,1
Fibrenoire,1
"Fidelity Access Networks, LLC",1
Fidelity Communication International,1
Fidelity Communications,1
Finger Lakes Technologies Group,1
Fireline Network Solutions,1
First Cloud Telecom,1
FirstMedia,1
"Five Area Systems, LLC",1
Florida High Speed Internet,1
FocusHotels,1
Foliateam Operateur SAS,1
Foothills Rural Telephone Cooperative Corporation,1
FOP A.L. Kryuchkov,1
FOP Boyko Oleg Mikhaylovich,1
FOP Koval Dmitro Orestovich,1
FOP Kushnir Aleksandr Andreevich,1
Fox Valley Internet,1
"FreeTel, s.r.o.",1
Frontier Networks,1
FVDC,1
Gamsjaeger Kabel-TV & ISP Betriebs GmbH,1
GARS Telecom,1
Gavle Energi AB,1
Gawex Media Sp. z o. o.,1
Gbnet Corporation,1
Geckonet,1
Gemeindewerke Telfs Ges.m.b.H,1
GGA Maur,1
Gigared S.A.,1
Global Network Telecomunicações do Brasil Ltda.,1
Global Telecom Brokers,1
GlobalConnect A/S,1
Globalnet,1
Globe Telecom,1
Globecomm Europe B.V.,1
GLOBITEL Sp. z o.o.,1
GO p.l.c.,1
Goce Delchev quarter,1
Gold Data Costa Rica S.A,1
Golden Belt Telephone,1
Golden Tiger Telecom Pvt,1
Groupe Maskatel,1
Grupo Solunet SRL,1
Grupohost Comunicacao Multimidia Ltda,1
GTS Telecom SRL,1
"Guam Cablevision, LLC.",1
GUIFAMI Informática Ltda.,1
Gvec.net,1
Gwaii Communications,1
H3G Italy,1
Haiti Networking Group S.A.,1
Hancock Internet,1
Hardanger Breiband AS,1
Hart Communications,1
Hathway Cable & Data Com LTD,1
HATILLO,1
Henderson.net Srl,1
HickoryTech Corporation,1
HIR-SAT 2000 Szolgaltato es Kereskedelmi Kft.,1
Hispasat S.A,1
HKCOLO ltd. Internet Service Provider,1
HMZ Radiokomunikacie s.r.o.,1
HN-TECN3-LACNIC,1
Hofnetz &IT Services GmbH,1
Holiday Inn Express,1
HomeNet Technologies sp. z o.o.,1
Hotel Arts,1
Hotel Gut Berg,1
Hrvatski Telekom d.d.,1
HS-HKB Cable,1
HT d.o.o. Mostar,1
Hub Network Services Ltd,1
Hub One SA,1
Hughes Network Systems,1
Huntel.net,1
Hunter Communications,1
HuntTel,1
Hyperoptic Ltd,1
IBLNET,1
ICA Canada On-Line,1
ICC Communication,1
ICOMSA S.A. de C.V.,1
ICSL,1
ICT Elmo Oy,1
IDEALAN Sp. z o.o.,1
IdeaOne Telecom,1
IDM,1
iFiber PA range,1
IFX Networks Argentina S.R.L.,1
Industry I-Net,1
iNES GROUP SRL,1
Inetworks SAS,1
Infinity Developments Limited,1
Infomil-clients,1
Inland Internet,1
Innet Solutions Sdn Bhd,1
Innsbrucker Kommunalbetriebe AG,1
Integra Multisolutions,1
Integrity Networks,1
Intellihome Tavkozlesi Szolgaltato Kft,1
Intercity Comunicaciones S.A.,1
Intercom s.r.l.,1
INTERCONNECT s.r.o.,1
Intercontinental Hotels Group.,1
Interfast Panamá S.A.,1
"InterKAM S.C. ZBIGNIEW KOWALEWSKI, SYLWIA SZCZEPAN",1
Interlan Networks AB,1
Internet Society of Israel,1
Internetia - Bielsko-Biala,1
Internetia Sp.z o.o.,1
Internetport Sweden AB,1
Internexa S.A. E.s.p,1
Internode Professional Access,1
Interoute Managed Services UK Limited,1
Intersat SRL,1
Inversiones Apolo S.A. de C.V.,1
InvisiMax,1
IP4ISP z.s.p.o,1
Iran Telecommunication Company PJS,1
iseek Communications Pty,1
IsisCom Kft.,1
ISP Alliance a.s.,1
ISP Kievnet,1
IT & Network Solutions,1
IT business s.r.o.,1
It Service Center Srl,1
IT-mastaren Mitt AB,1
IT-Systeme Schuller,1
IWACOM Sp. z o.o.,1
Jenexus Holding Sdn Bhd,1
Jerzy Krempa Telpol PPMUE,1
JHComp s.r.o.,1
JJS Sp. z o.o.,1
JM-DATA GmbH,1
JMDI Jacek Maleszko,1
Jozef Woch Cybernet WMW,1
JPK Jaroslaw Pawel Krzymin,1
Jsc Balticom,1
JSC Severen-Telecom,1
Jupiter Telecommunications Co.,1
KAMNET Kamil Turon,1
KAMO Electric Cooperative,1
Kampung Communications,1
KangNam CableTV,1
Kaplan Telephone Company,1
Kar-Tel LLC,1
Karlsborgs Energi,1
Karlskoga Stadsnat AB,1
Karlsruhe Institute of Technology,1
KazTransCom JSC,1
KC Web,1
Kcom,1
Kellin Communications,1
Kievline LLC,1
KIKKENBORG FIBER & IT ApS,1
KIKKENBORGS DATASERVICE ApS,1
KM-NET Marek Sobol,1
"KME, spol. s r. o.",1
KNet,1
KP Intertelecom Ltd,1
Krakow - Czyzyny,1
Kuentos Communications,1
Kvantel AS,1
Kyivski Merezhi ltd,1
Lakeland Networks,1
Lancaster University Network Services Limited,1
"Lao Telecom Communication, LTC",1
Lawrence School,1
Layer3,1
LD Telecommunications,1
LeaseWeb Netherlands B.V.,1
Leeson Telecom Holdings Ltd,1
Lepida S.c.p.A.,1
Level 3 Argentina S.A.,1
Level 3 Peru S.A.,1
Level7,1
Lg Powercomm,1
Lhcom Ltd,1
Liaison Xdsl INSTITUTE FOR AMERICAN UNIVERSITIES,1
Libli s.r.o.,1
Liden Data Internetwork AB,1
LIMANET Ltd.,1
Limited Liability Company Radio Network,1
Linet Servicos de Comunicacao,1
Link3 Technologies,1
Linkem spa,1
Liulin quarter,1
Livenet Sp. z o.o.,1
LLC Babilon-T,1
LLC TC Interzvyazok,1
Loop Internet,1
Louvetel Comunicação Comercial Ltda.,1
Lovee Agencies,1
Luminet Solutions Ltd,1
Luxnetwork S.A.,1
LWLcom GmbH,1
Lyse Tele,1
M-net,1
M2ngage Telecommunications II Corp.,1
Magyar Telekom leased line customers,1
"Manico,s.a.",1
Marina Bay Sands Pte,1
Maroc Telecom,1
Marquette-adams Telephone Cooperative,1
Massy Communications Ltd,1
MavianMax srl,1
MAXNET,1
McDonald County Internet,1
Md. Kamrul Hasan,1
MDI MEDIA S.C. D.Bielinska I. Obszynska,1
Media Commerce Partners S.A,1
Mediateknik i Varberg AB,1
Mega-Net,1
"Megacable Comunicaciones de Mexico, S.A. de C.V.",1
MegaPath Networks,1
Memory Lane Computers Electronics,1
Merco Comunicaciones,1
"Mercury Wireless, LLC",1
Meta Telecomunicações Ltda,1
Metales Del Oriente,1
Metfone,1
"Metrobank, S.A.",1
MetroOptic,1
Metrotel SA ESP,1
"Metrowireless Solutions de Costa Rica, SA",1
MGW Telephone Company,1
mhs internet AG,1
MHTC,1
Michail Mandryk,1
Michal Prokopiuk FHU MAJA,1
Microcom Ltd.,1
Mid-Rivers Telephone Cooperative,1
"Midwest Telnet, LLP",1
MiIT Limited,1
Mikrotec Internet Services,1
Millington CATV,1
Miratel Ltd,1
Mitchell Seaforth Cable TV,1
MNET Internet provider,1
Mobile-broadband,1
Momax Network S.r.l.,1
Monaco-Telecom,1
Monmouth Internet Corp,1
"Montana Digital, LLC.",1
MTC Broadband,1
MTN Ghana,1
MTN Network Solutions Pty Ltd,1
MTN SA MOBILE,1
MTS Internet,1
Multimedia BG EOOD,1
Murray Electric System,1
MyRepublic,1
Mytelecom LLC,1
N-SYS s.r.o.,1
N. De Carvalho Santana Eireli,1
NadejdaNet Ltd,1
Naukowa I Akademicka Siec Komputerowa Instytut Bad,1
Navigue.com,1
NCS Technologies,1
Nebula Oy,1
Nemont,1
Net Global Srl,1
Net IP Ltd.,1
Net-partner S.c.,1
NetCologne GmbH,1
NetCom-R LLC,1
NETFORMS s.r.o.,1
Netiwan SAS,1
NetLP SRL,1
Netpartner Polska sp. z o.o.,1
NETPLANET GmbH,1
Nette sp. z o.o.,1
New Access S.A.,1
New Florence Telephone Company,1
New Information Systems PP,1
New Technologies Group N.V.,1
New Telecom Ltd,1
Nexicom,1
Niles Hampton Inn And Suites,1
NLS Kazakhstan LLC,1
Norcast Communications,1
NORTE,1
Nortex Communications Company,1
North Dakota Telephone Company,1
Northern Arkansas Telephone Company,1
NorthernTel Limited Partnership,1
Northwest Communications Cooperative,1
novatel Eood,1
Novatel LTD.,1
Novus Entertainment,1
NTT America,1
Nucleus Information Service,1
Octopusnet Dynamic VPN,1
OESTE,1
Office msr02mar,1
Office msr03bkc,1
Ohio Public Library Information Network (OPLIN),1
Oi Internet,1
OJSC Comcor,1
Okanagan Internet Junction,1
"Olli Trans, Ltd.",1
On Line System Kft.,1
Onlime (Sierra Leone) Limited,1
OnlineDirect PA Space,1
OOO WestCall Ltd.,1
Optical Technologies S.a.c.,1
OPTICCOM- BULGARIA Ltd.,1
Opticke site s.r.o. - NUMERI,1
OPTICON Telekommunikacios Halozati Szolgaltato,1
Optisprint Internet Pools,1
Opton s.r.o.,1
Orange Israel,1
"Orange Slovensko, a.s.",1
Orbith S.A,1
Oricom Internet,1
Orlandonet ltd.,1
Ortswaerme St. Johann in Tirol GmbH,1
Otecel S.A.,1
OTN Bemowo IP assignment,1
OTN Goclaw IP assignment,1
OTN Praga IP assignment,1
P.i.w. Anfa S.c.,1
Packerland Broadband,1
PACWAN SAS,1
PADACO Automatisering B.V.,1
PAGI S.A.,1
Palau National Communications Corp.,1
Parknet,1
Parzeller S + S GmbH & Co. KG,1
PB Consulting Baran Piotr,1
"Peninsula Fiber Network, LLC",1
PENKI Broadband Network,1
"Penki Kontinentai, Ltd.",1
Peoples Communications,1
Petrus Spolka z ograniczona odpowiedzialnoscia,1
Pgi Servicos De Telecomunicacoes Ltda Me,1
PHU HAJDAMOWICZ Miroslaw Hajdamowicz,1
PHU MMJ Janos Marcin,1
Pick-Up Ltd.,1
PJSC Datagroup,1
PJSC Ukrainian Automobile Corporation,1
Planar,1
Planters Rural Telephone Cooperative,1
Plateau Telecommunications Incorporated,1
PlusServer GmbH,1
POCOS B.V.,1
Pogliotti & Pogliotti Construcciones S.A.,1
Point 2 Point Ltd.,1
Portunity GmbH,1
Power Point Computer Centers,1
Powszechna Agencja Informacyjna S.A.,1
PPHU DESIRE Damian Lipski,1
Prevare LLC,1
Price County Telephone Company,1
Prime Telecom SRL,1
Private Stock company Sater,1
Pro Omnis Telecommunication,1
Project 8 Exchange Node,1
ProKK SE,1
PROMARKET COMPUTERS Sp.z O.O.,1
Proximus Luxembourg S.A.,1
Prtelecom Cp,1
"Przedsiebiorstwo Informatyczne FORTES J.Wasik, K.N",1
PSD Professional Systems/Designs,1
Ptera,1
Pulawska Spoldzielnia Mieszkaniowa,1
Puntonet S.A.,1
QCOL,1
Quality Inn Santa Clara Conventi,1
Quest Services,1
Radim Pytela - AC Vyskov,1
RailTel Corporation Of India Ltd.,1
Rainbow communications India Pvt,1
Ranks ITT,1
Red Uno SRL,1
Rede Connect Telecom,1
Redenilf Serviços de Telecomunicações Ltda,1
Redes y Telecomunicaciones,1
Redspan Corporation,1
REDtone,1
"Regus Business Centre, LLC",1
Reseau d'informations scientifiques du Quebec (RIS,1
Resilans AB,1
Reti Telematiche Italiane S.p.A. (Retelit S.p.A.),1
Ripley Video Cable Company,1
Ripple Communications Ltd,1
RKM Regional Kabel TV Moelltal und Telekommunikati,1
"RUN S.C. Andrzej Janiak, Bohdan Janiak",1
Runway Broadband,1
Rural Telephone Service Co,1
Russmedia IT GmbH,1
S.c. Magnum Security & Internet Solutions S.r.l.,1
S.C. Telemetro Net S.R.L.,1
S.N. Radiocomunicatii S.A.,1
S.T. S.r.l.,1
Safelink Internet,1
SageNet LLC,1
Salish Networks,1
San Francisco De La Palmera,1
"San Juan Cable, LLC",1
San Miguel De Sarapiqui,1
SanIgnacio ISAM,1
Santa Rosa Telephone Cooperative,1
Santo Domingo,1
"SAREnet, S.A.",1
Sat Telecommunications,1
Satelcom Internet,1
Satelites Y Telecomunicaciones C.a,1
Satellite Ltd,1
Saveho SARL,1
Sc Data Systems Srl,1
SC Gazduire Web SRL,1
SC Provedor Telecom Acesso a Rede de Internet Ltda,1
SC StarNet SRL,1
Schiphol Telematics B.V.,1
School Berga,1
"school LangFang City,Hebei prouince.",1
Sci Sat-immo,1
Scientific-Production Enterprise Information Techn,1
SConcept d.o.o.,1
Selectcom Telecom GAS Customers,1
"Sentra Niaga Solusindo, PT.",1
Serbia BroadBand-Srpske Kablovske mreze d.o.o.,1
Servanet AB Network,1
Servicios DR de México SA de CV,1
Servicos Telecom Des E Com Soft Ltda,1
Set Service Ltd.,1
Shanghai Agricultural College,1
Shaporenko Yuri Nikolaevich,1
Shentel Service Company,1
ShowMax,1
Sia Nano IT,1
Sieci Blokowe S.C.,1
Sierra Tel Internet,1
SIGMABBS Comercio e Inf por Telep Ltda,1
Silver Star Communications,1
SilverIP Communications,1
"SINET Fiber One, Cambodia's Fastest Broadband Serv",1
"SINET, Cambodia's specialist Internet and Telecom",1
Sipartech SAS,1
Sistemas Inalambricos S.A,1
"Sit-co, LLC",1
Six Continents Hotels,1
Six Degrees Technology Group Limited,1
Sjoberg's,1
SKATTV,1
Skoruk Andriy Oleksandrovych,1
Sky Valley Network,1
Slaska Siec Metropolitalna Sp. z o.o.,1
Slovak Academy of Sciences,1
Slovak Telekom,1
Small Luxury Hotel DAS TYROL,1
smile internet gold,1
Soderhamn Teknikpark AB,1
SOFT PRO 2 Sp. z o.o.,1
Softbank BB,1
Softex SRL,1
SOFTNET d.o.o.,1
Sol Telecomunicaciones S.A.,1
Sonera Yritys Internet,1
Sonic.net,1
Sonoma Interconnect,1
Source Cable,1
South Slope Cooperative Telephone Company,1
Southern Caribbean Fiber,1
"Southern Light, LLC",1
"Spectro Networks, S. de R.L. de C.V.",1
Spectrum Net Sofia,1
"Spinoco Czech Republic, a.s.",1
Splk/etb S.a.e.s.p.,1
Spoldzielnia Mieszkaniowa w Grudziadzu,1
Spoldzielnia Telekomunikacyjna OST,1
Spoldzielnia Telekomunikacyjna WIST W Lace,1
Sprint PCS,1
Sprintel s.r.o.,1
Sprintlink UK Ltd,1
SRT Communications,1
Stacja-NET Marek Goclowski,1
Stadtgemeinde/Stadtwerke Imst,1
Stansat Stanislaw Grzesik,1
Stargroup,1
StarNet Solutii SRL,1
StarVision,1
State Enterprise Scientific and Telecommunication,1
Staybridge Suites,1
Stepco ICT B.V.,1
Stofa,1
Stowarzyszenie Telewizji Kablowej 'Ret-Sat 1',1
Straight A Pre School,1
Stylecom Ltd,1
Summit Broadband,1
Supercable,1
Supercanal S.A.,1
SuperNetwork s.r.o.,1
Surry Telephone Membership Corporation,1
SychrovNET s.r.o,1
Sydfyns-Intranet A/S,1
Syscon Infoway Pvt.,1
Systel Systemy Teleinformatyczne M. Linscheid Spol,1
System Net Ltd,1
SystemX II Sp. z o.o.,1
Szczecinski.com,1
T-Mobile Czech DSL,1
T-Systems Enterprise Services GmbH,1
T. Grand Networks,1
T.E.S.T. Ltd,1
TalkTalk,1
Tanya76 Ltd.,1
Tata Communications,1
TATA Communications (Canada) Ltd.,1
Tata Teleservices ISP,1
Taunton Municipal Lighting Plant,1
Tech Valley Communications,1
Tecnowind S.A.,1
Tekify Broadband,1
Tel-Star Communications,1
Telbrax Ltda,1
Telcel C.a.-datos Moviles,1
Telcom Limited,1
Tele2 Nederland,1
"Telecable de Asturias,SA",1
Telecentro S.A. - Clientes Residenciales,1
"Telecom Evolutions, LLC",1
Telecommunication company Link Telecom LTD,1
Telefiber AS,1
Telefonica Moviles Panama S.A.,1
Telefonica Venezolana,1
"Teleguam Holdings, LLC",1
Telekomunikacja Podlasie IP network,1
Telemach d.o.o. Sarajevo,1
Telenet Systems GmbH,1
Teleradiocompany Cable Television Merezhi Plus LTD,1
Teleradiocompany Discovery Ltd.,1
Telgua,1
Telia Network services,1
Telia Wholesale,1
Telnet Limited,1
Terasyst Ltd,1
TerraNet sal,1
Thames Valley Communications,1
"The Iserv Company, LLC",1
The Ngl Connection LLC,1
The Park Region Mutual Telephone Co,1
Thueringer Netkom GmbH,1
Tigo-corporativo,1
TIME dotCom Berhad,1
TIME Telecommunications Sdn Bhd,1
Timico Limited,1
Tiscalinet,1
TN-287,1
TOPNET SA de CV,1
TOV Magnus Limited,1
TOV ONECOM,1
Tpa Telecomunicacoes Ltda,1
TPnets.com Sp. z o.o.,1
Trans Digital LLC,1
Transmog Inc S.A.L,1
Traverse Bay Area ISD,1
Tribion B.V.,1
TriNed BV,1
Triple C Cloud Computing Ltd.,1
TRK Metro LLC,1
Trollfjord Bredband AS,1
TSC,1
Tularosa Communications,1
Tv Sat 2002 Srl,1
TVCabo Angola,1
TVCaboAngola,1
Twin Lakes Telephone Cooperative,1
TWL-Kom GmbH,1
Tyfon,1
UAB Baltnetos komunikacijos,1
UAB Bite Lietuva,1
Ufinet Panama S.A.,1
UIH,1
Ukrdatakom Ltd,1
Ultimate Internet Access,1
Ultranet,1
UnderNet LLC,1
UNICOM ZheJiang,1
Uninet S.A. de C.V.,1
UNINETT AS,1
Uniserve On Line,1
Uniti Wireless Pty,1
Universidad de Sevilla,1
Universita' degli Studi di Bari,1
Universita' degli Studi di Trieste,1
Universite de Mons,1
Universiteit Leiden,1
University of Warwick,1
University Towers,1
UPC Romania BUCURESTI FIBER,1
UPC Slovakia,1
UPC Telekabel,1
"Usa Companies, LLC",1
USAI.NET,1
Utah Broadband LLC,1
Uteam LTD,1
Valu-Net LLC.,1
Vast Broadband,1
Vector Data Systems LLC,1
Velocity Network,1
Velton.Telecom GPON X00 network,1
VELTON.TELECOM Ltd,1
VENECIA,1
Ventspils city municipality institution Ventspils,1
Venus Telephone Corporation,1
"Vergent, LLC",1
Verizon Business,1
VERSIA Ltd,1
Via-numerica,1
ViaNetTV,1
Vida optics TVV Ltd.,1
Video-Broadcast GmbH,1
Viettel Corporation,1
Villa Gesell Televisiòn Comunitaria S.A.,1
Virtual Space Maciej Wasiuta,1
Vlasimnet s.r.o.,1
Vmax Net Telecomunicacoes Do Brasil Ltda,1
Vocus Communications,1
Vocus Communications Ltd,1
Vodafone Broadband,1
Vodafone Consumer Broadband,1
Vodafone Czech Republic,1
Vodafone D2 GmbH,1
Vodafone Portugal,1
Voip-un Limited,1
Volia Rivne,1
Vtel Holdings Limited/jordan Co.,1
Vyve Broadband,1
WASKO S.A.,1
Wave Broadband,1
WaveDirect Telecommunications,1
wavetech srl,1
WDM Sp. z o.o.,1
WEBRING,1
Western Iowa Networks,1
WIA spol. s.r.o.,1
WiCAM Corporation,1
WieszowaNET,1
Wilson Telephone Company,1
Wiltel Comunicaciones SA,1
Winchester Wireless,1
WIND,1
Wind Telecomunicazioni,1
Winet Media ok.pl Biooleje Janusz Juszczak,1
Winettou Tavkozlesi Szolgaltato Kft.,1
Winn Telecom,1
Wisconsin Internet,1
Wisper ISP,1
Within Reach Group B.V.,1
WLA Interservices Ltd.,1
WNT Telecommunication GmbH,1
World Crossing Telecom(GuangZhou),1
WorldPath Internet Services,1
WT Services,1
WWZ Telekom AG CableTV Customers,1
XtraNet Piestany s.r.o.,1
XXLnet,1
Y K Communications,1
Yambol,1
YOU Broadband & Cable India,1
Zaklad Teleradiotechniki Telefon Serwis Antoni Koi,1
"Zaragozana de Informatica y Telecomunicaciones, S.",1
Zdruzenie pouzivatelov Slovenskej akademickej dato,1
ZeelandNet BV,1
Zen Systems A/S,1
zicom Next Spolka Z Ograniczona Odpowiedzialnoscia,1
Zitcom A/S,1
